tour,player,entropy_a,entropy_b,serve_clutch_a,serve_clutch_b,return_clutch_a,return_clutch_b,n_serve_high_leverage_a,n_serve_low_leverage_a,n_return_high_leverage_a,n_return_low_leverage_a,n_serve_high_leverage_b,n_serve_low_leverage_b,n_return_high_leverage_b,n_return_low_leverage_b
wta,Iga Swiatek,0.7738085688092505,0.7801585626794457,-0.0168710265067093,-0.0300167505615487,-0.033109533109533,-0.0504910632280078,1587,1542,1628,1638,1936,1939,1990,1997
wta,Bianca Andreescu,0.8188043459528659,0.8151840178129307,-0.012264919574359,-0.0103675945186337,0.0018446302849972,0.0136695328362996,1634,1639,1635,1628,1774,1775,1822,1817
wta,Caroline Wozniacki,0.7529379445857843,0.7515200022292572,0.0082255189330111,-0.0379883012486597,0.0175102711467539,-0.0519704636646336,1118,1137,1183,1174,1502,1489,1494,1477
wta,Elina Svitolina,0.758623209629476,0.7514940936103301,0.0386909968598868,0.0252088085552963,-0.0181567719954169,0.008509799973401,1419,1426,1442,1472,1267,1274,1271,1266
wta,Serena Williams,0.7573418103001538,0.7662923211059572,-0.0218800648298217,-0.0278166233881773,-0.0332379685048109,-0.0308054135616184,1234,1234,1294,1309,1192,1207,1249,1248
wta,Elena Rybakina,0.7639109736978315,0.7552781618691087,-0.0467625899280575,-0.0253138292353979,-0.0404413838245585,-0.032044713553796,1112,1112,1117,1127,1122,1134,1159,1130
wta,Kiki Bertens,0.772613726773971,0.7751959127905784,0.0276417548736591,-0.0151408489678455,0.0273404199336946,-0.0228863526928215,1194,1175,1240,1226,950,951,981,959
wta,Mirra Andreeva,0.7857716536268927,0.7893544512692834,-0.004652318594144,-0.0119798557013595,0.0106084076705303,-0.024840819053983,997,1001,965,970,1019,1017,1025,1022
wta,Maria Sharapova,0.7764880165287332,0.7639437891411905,0.0015147085439028,0.000469733809395,-0.0049112471442743,0.0531235859534615,1035,1041,1039,1041,907,906,939,932
wta,Coco Gauff,0.777002714494942,0.7774137721745804,-0.0358268428462561,-0.0082987551867219,0.0090761114421497,-0.0154879470036189,788,786,830,829,964,964,952,959
wta,Victoria Azarenka,0.7786323349491558,0.7655645111395321,-0.0288499109972648,-0.0550528499456682,-0.0349462365591398,-0.0795367113086054,743,744,744,744,955,954,982,990
wta,Petra Kvitova,0.7968642600219613,0.807715543221412,0.0217422868406869,0.0449172614665684,-0.0227171544946481,-0.0248158602321817,901,902,920,918,785,796,809,776
wta,Garbine Muguruza,0.7758674272576843,0.7647382992397965,0.0040177960874285,-0.0110681792058285,-0.0345148508067739,0.0239096681776448,847,846,838,836,755,749,789,791
wta,Venus Williams,0.7783784655975285,0.7845945889026411,0.0173291234976262,-0.0204893345616894,-0.0245774484573801,-0.010086702334016,942,932,946,939,822,824,818,813
wta,Steffi Graf,0.7869322281971886,0.7947358778656332,-0.0090282499893997,-0.0357059840427578,-0.0123157795926029,0.0038167938931297,793,803,795,804,801,811,786,786
wta,Jessica Pegula,0.7707566981501348,0.7632597022523819,-0.0425433262389784,-0.0227413582280389,0.008484340074437,0.0260864336951293,897,880,862,874,599,598,616,621
wta,Sofia Kenin,0.7750370126380202,0.7779535592374911,0.003617197188921,-0.0086579154416331,0.0206383696890426,0.0041208791208791,708,697,692,685,775,779,728,728
wta,Angelique Kerber,0.7437935589318906,0.7473847597079869,0.0624625197623071,0.0415894039735099,-0.0081562872497947,-0.0154838709677419,664,663,711,682,755,750,775,775
wta,Belinda Bencic,0.7658736467547141,0.7802411731040398,-0.0254693496525256,0.0636530498996884,-0.0467919177596597,0.0111900036813398,620,622,651,637,684,685,689,686
wta,Karolina Pliskova,0.7841833991778919,0.7822720200788726,0.0331929688174829,0.0281423073312682,-0.0877580094294093,-0.0190241283264538,680,681,656,657,795,804,774,770
wta,Amanda Anisimova,0.802513099061642,0.7920654719021228,-0.0122139303482586,-0.0390130895125345,0.0370501877978585,-0.0185185185185184,800,804,821,813,477,476,486,486
wta,Karolina Muchova,0.8458674601354115,0.810529775608334,-0.0073326080058025,-0.0126869035556462,-0.0705310895064216,0.0279713044078085,516,513,527,518,719,722,760,763
wta,Magda Linette,0.7362027346225534,0.7291463436747216,0.0664470264270761,0.0432281739647021,0.0441642377391965,-0.0429974227644928,654,653,598,607,568,569,609,604
wta,Emma Raducanu,0.7735028498437744,0.7795320889379828,-0.0142478093157039,-0.0148716585830399,-0.0093119104293396,0.0300376264809071,596,602,608,597,522,519,568,554
wta,Naomi Osaka,0.8107887637546637,0.776830051850014,-0.0019011406844106,-0.0143137710183626,-0.0003094298754545,-0.0412512284868931,526,526,556,558,644,642,623,619
wta,Madison Keys,0.8054259107057606,0.8161237260218017,-0.0505316683660632,0.0109717868338558,0.0270196506550218,0.0117819053829487,481,471,464,458,638,638,694,685
wta,Daria Kasatkina,0.789015803581419,0.7671224051049517,-0.04030131826742,-0.0019586330417203,0.030377505299026,0.0066419796626109,590,594,611,610,623,613,642,636
wta,Arantxa Rus,0.7832969789981828,0.8005288026941063,-0.017164987887288,-0.0451674338925629,0.0083333333333333,-0.0267897016079435,506,496,480,480,644,649,629,623
wta,Maria Sakkari,0.7858911034601149,0.7788664957190723,-0.009984371165446,-0.0051059540244997,-0.0157326203208555,0.0493498796608822,786,788,750,748,369,371,367,377
wta,Ekaterina Alexandrova,0.7841676106165844,0.7737073835897329,0.0220419607983659,-0.0336863041712188,0.0299328164525773,-0.0075448097829702,473,472,488,499,652,657,674,669
wta,Eugenie Bouchard,0.7738723107249855,0.7568000933697961,0.0361650485436892,0.0751618686551484,0.011686143572621,-0.0021352521352521,640,618,599,599,419,418,462,444
wta,Marta Kostyuk,0.7628440136330241,0.7731286602439033,0.0,0.0203062787136294,0.0105708245243129,-0.0037887485648679,442,442,473,473,653,650,676,670
wta,Aryna Sabalenka,0.774062306828376,0.7745722690947724,0.049816952970994,0.012425681376685,0.0248983432469671,-0.0296127562642369,530,536,546,545,451,452,439,439
wta,Donna Vekic,0.8056234193860876,0.7910236230944834,0.0080645161290322,0.0289855072463768,-0.0107116963304254,-0.0220429143506066,496,496,507,506,483,483,495,507
wta,Agnieszka Radwanska,0.7364084811232086,0.757638071894329,-0.0458079783637593,-0.0344762681557235,-0.1055187637969095,-0.0021008403361344,493,492,445,453,508,502,476,476
wta,Justine Henin,0.7558631035407568,0.7578327194611935,-0.0421130952380952,-0.0162491939042188,-0.0167180603422213,-0.0222427084281768,448,450,447,444,488,483,523,504
wta,Jelena Ostapenko,0.7554807509130219,0.7493454896658066,0.0545395226585546,0.0189662311372837,0.0303908590538563,0.03614578466057,467,466,465,463,418,416,426,422
wta,Jasmine Paolini,0.7731776634315918,0.7737830883450234,-0.0268530248592967,-0.03475935828877,-0.0524857430392485,-0.0348707403055228,537,538,550,542,374,374,370,368
wta,Ashleigh Barty,0.7766574950412869,0.7781313503171395,-0.1034996613230977,-0.0100749765698219,-0.0026082996832539,-0.0408802537668516,515,516,547,546,388,385,390,388
wta,Paula Badosa,0.7997056306221627,0.7914190923288488,-0.0633944235004292,-0.025825607724185,0.0314953378611718,-0.0169102000283728,367,365,357,365,534,526,532,530
wta,Qinwen Zheng,0.779333444721933,0.8037130516061048,0.0299748937371702,0.0170642280981754,-0.0040587475095579,-0.001734718783779,363,361,392,379,478,485,482,476
wta,Ana Ivanovic,0.7897697832913608,0.8082257766949925,0.0183352633610555,-0.0314265814100851,0.0063545789545516,0.0763574968683623,413,414,425,431,441,433,430,427
wta,Linda Noskova,0.8035501395006985,0.7920725982393596,-0.0778805904384225,-0.0469469835466178,0.0524344569288389,0.0417495029821073,272,267,267,267,550,547,503,503
wta,Elena Dementieva,0.7543975575953585,0.7621833608373123,0.0138895842024753,0.0168880723572639,-0.0438539012255794,-0.0104250905383073,425,423,410,402,493,488,478,476
wta,Kim Clijsters,0.7303534442225852,0.7250007426441635,0.0222988505747127,0.0215616640531316,-0.0128399617329506,-0.0808266252412558,522,525,542,540,296,293,291,292
wta,Leylah Fernandez,0.7948362238746017,0.7999000846643667,0.0096896525036761,-0.0322493573264781,0.0063624245922139,-0.0497436653399505,365,354,381,382,400,389,433,423
wta,Iva Jovic,0.7824535391531667,0.7753061428927954,0.0238164070471396,0.0381944444444444,-0.0536589966050546,0.0164815897136177,482,488,484,482,288,288,295,290
wta,Danielle Collins,0.7836154224827668,0.7615751824896079,0.0347700661802138,-0.0798611111111111,0.060912994772218,-0.0736667875929621,415,426,416,412,288,288,298,296
wta,Marketa Vondrousova,0.7285099037950851,0.7572818937205258,-0.0227272727272727,0.0291262135922329,0.0,0.0031847133757961,396,396,406,406,309,309,314,314
wta,Ons Jabeur,0.7898104754478374,0.8012803578573386,-0.0308821763151573,-0.0089257179381819,-0.0161725067385444,-0.0067069974859863,368,362,371,371,447,490,471,478
wta,Caroline Garcia,0.7768518281357214,0.7819718183265445,0.044776119402985,0.0396817902837448,0.0841420338352853,0.0298173398507846,335,335,326,330,359,354,345,338
wta,Clara Tauson,0.7822978814857036,0.7804997029001945,-0.0297766749379652,0.0285714285714285,0.0296568839282407,0.0513420245398772,403,403,398,407,315,315,320,326
wta,Elise Mertens,0.7808457914666247,0.7702952489844143,-0.0235435797079632,0.0078828828828829,-0.0396421760058123,0.0265751682475756,365,364,364,363,333,336,339,334
wta,Liudmila Samsonova,0.7849801122054826,0.7797005352977147,0.0421488111086079,0.0093896713615023,-0.0368305668650172,-0.0261746502417958,314,311,310,309,426,426,461,436
wta,Veronika Kudermetova,0.779124345145912,0.7741897376590262,-0.0380369156460238,-0.0103322672352522,-0.0507568238213399,0.0304111450900441,374,372,403,400,335,336,327,324
