player,charted_matches,total_core_shots,pooled_normalized_entropy,pooled_entropy_sufficient,total_transitions,conditional_normalized_entropy,marginal_normalized_entropy_transitions,info_gain_relative,transition_low_context_count,transition_entropy_sufficient,total_shots_extended,total_dropshots,dropshot_rate,dropshot_rate_sufficient,dropshot_direction_entropy,dropshot_entropy_sufficient,n_serve_normal,n_serve_high_pressure,wide_serve_rate_normal,wide_serve_rate_high_pressure,wide_serve_escalation_delta,serve_zone_sufficient,net_play_rate_normal,net_play_rate_high_pressure,net_play_escalation_delta,net_play_sufficient,n_return_normal,n_return_high_pressure,mean_return_depth_normal,mean_return_depth_high_pressure,return_depth_shift_delta,return_depth_sufficient,p_empirical,serve_clutch_p65,serve_clutch_p65_sufficient,return_clutch_p65,return_clutch_p65_sufficient,n_serve_high_leverage,n_serve_low_leverage,n_return_high_leverage,n_return_low_leverage,serve_clutch_p60,serve_clutch_p60_sufficient,return_clutch_p60,return_clutch_p60_sufficient,serve_clutch_p70,serve_clutch_p70_sufficient,return_clutch_p70,return_clutch_p70_sufficient,serve_clutch_tiered,serve_clutch_tiered_sufficient,return_clutch_tiered,return_clutch_tiered_sufficient,serve_clutch_empirical,serve_clutch_empirical_sufficient,return_clutch_empirical,return_clutch_empirical_sufficient,blr_combined
Roger Federer,723,195025,0.9809467376933914,True,141048,0.8202858562814374,0.977460898941825,0.1607993146636775,0,True,195025,889,0.0045583899500064,True,0.7439305407752012,True,31050,27070,0.4626731078904992,0.4709272257111193,0.0082541178206201,True,0.1888566827697262,0.170520871813816,-0.0183358109559102,True,18986,21460,1.9789318445170123,1.9629543336439887,-0.0159775108730237,True,0.6439574825560287,-0.007357278555244151,True,-0.026736185031053683,True,15364,15150,16224,16232,-0.010921437356915642,True,-0.02731518869469801,True,-0.003315207880341342,True,-0.023553023448258548,True,-0.007345275501877024,True,-0.02616268827942586,True,-0.0071894880789583615,True,-0.027024994067652297,True,0.9579643190963371
Novak Djokovic,553,184226,0.9869113824898764,True,144352,0.7950814025490074,0.9781235478004991,0.1871360173907452,0,True,184226,1967,0.0106771031233376,True,0.5936347551809109,True,23580,21002,0.4468193384223918,0.4382439767641177,-0.0085753616582741,True,0.0927056827820186,0.0994191029425769,0.0067134201605582,True,14659,16125,2.090456374923255,2.0935193798449614,0.0030630049217061,True,0.6439574825560287,-0.014152964297754589,True,-0.020348892648203887,True,11548,11605,11932,11918,-0.01676478745129506,True,-0.016433655558518057,True,-0.010706465660326847,True,-0.019606753134927823,True,-0.01478632066251162,True,-0.021216978961962896,True,-0.014763894390282362,True,-0.020817972713236932,True,0.9513339834354697
Rafael Nadal,425,136533,0.9747867434955884,True,109270,0.8071207375326828,0.9575398689996928,0.1570891576808676,0,True,136533,367,0.0026879948437374,True,0.6571084424424091,True,16991,16720,0.3488317344476487,0.4035885167464115,0.0547567822987627,True,0.0725678300276617,0.070334928229665,-0.0022329017979966,True,10787,10830,1.904700101974599,1.906555863342567,0.0018557613679679,True,0.6439574825560287,-0.0082080504762444,True,-0.010984346278692714,True,8687,8667,9067,9083,-0.01383914060238245,True,-0.004334179460385168,True,-0.0026083417891372696,True,-0.0119143667148508,True,-0.007618098018460473,True,-0.011545076015322175,True,-0.007450429411493209,True,-0.01081438005879587,True,1.001263380206247
Hubert Hurkacz,320,81843,0.9872545833238252,True,59198,0.7953415087056096,0.977188633178965,0.1860921405540452,0,True,81843,537,0.006561343059272,True,0.8110325300221257,True,13818,11755,0.4114198871037777,0.4558911101658868,0.0444712230621091,True,0.117455492835432,0.1373883453849425,0.0199328525495105,True,7981,8777,2.1290565092093723,2.1418480118491514,0.0127915026397791,True,0.6439574825560287,0.010621712472492106,True,-0.012949298548276533,True,6727,6682,6831,6841,0.01550661367504913,True,-0.006373492058247887,True,0.009585143028306042,True,-0.015611913434053049,True,0.008889784242120502,True,-0.012064254633784688,True,0.009177141340072748,True,-0.012892438359832503,True,0.9419071083345307
Jannik Sinner,298,84846,0.9706912310281872,True,64374,0.7906880616106023,0.969491766058692,0.1844303486712284,0,True,84846,185,0.0021804209980435,True,,False,11559,10976,0.4055714162124751,0.4252915451895043,0.0197201289770292,True,0.0724111082273553,0.0771683673469387,0.0047572591195834,True,7507,8049,2.02104702277874,1.9929183749534105,-0.0281286478253297,True,0.6439574825560287,-0.0029992828193258214,True,-0.00953727333347576,True,5773,5774,6166,6181,-0.011278187194646572,True,-0.011022117492567207,True,-0.001066908002720579,True,-0.006263068603201083,True,-0.007098337950138478,True,-0.010485824839158109,True,-0.005285830794527491,True,-0.009067333597269023,True,0.9963462260777738
Daniil Medvedev,286,91732,0.969675551866877,True,72247,0.7576685259708417,0.9617629202121908,0.2122086326600327,0,True,91732,765,0.0083395107487027,True,0.4585420767980972,True,10470,11316,0.4713467048710602,0.4855072463768116,0.0141605415057514,True,0.0783190066857688,0.0838635560268646,0.0055445493410957,True,6247,6055,2.084680646710421,2.0688687035507844,-0.0158119431596364,True,0.6439574825560287,-0.00333135284350472,True,-0.0036252927120311584,True,5670,5637,5785,5780,-0.009414831078099373,True,-0.0059094164004716565,True,-0.004802212255936356,True,-0.003363887928052589,True,-0.00359551765425703,True,-0.0037471532291436516,True,-0.004232535880708932,True,-0.006073256040401043,True,1.0225154118322837
Andy Murray,257,86878,0.9708175544100606,True,68269,0.7652916738329135,0.9642326578557304,0.2063205206772644,0,True,86878,699,0.0080457653260894,True,,False,10549,10782,0.4013650582993648,0.4079948061584121,0.0066297478590472,True,0.0844629822732012,0.0876460767946577,0.0031830945214565,True,7227,7338,1.9811816798118167,1.985554647042791,0.0043729672309742,True,0.6439574825560287,-0.0053373858663944285,True,-0.008538573959464058,True,5501,5502,5607,5579,-0.004328275551128136,True,-0.0007225101127554812,True,-0.008687521761142847,True,-0.018046526551024955,True,-0.005721040624080076,True,-0.00817123923760732,True,-0.0047849025405899415,True,-0.006467541968919299,True,0.9975726033664121
Pete Sampras,237,51056,0.9664317623049536,True,33206,0.7928896414402149,0.9511780344029624,0.1664130028634463,0,True,51056,62,0.0012143528674396,True,,False,11159,9750,0.418137825970069,0.4179487179487179,-0.000189108021351,True,0.6073124831974192,0.5820512820512821,-0.025261201146137,True,5916,6370,1.842292089249493,1.849607535321821,0.0073154460723281,True,0.6439574825560287,0.0020511035020829294,True,-0.024200369773799968,True,5604,5609,5775,5781,-0.003508962332468224,True,-0.02614275196278787,True,0.003933262542365479,True,-0.027866572283695323,True,0.002526640263275981,True,-0.023628397429850234,True,0.002614292906288229,True,-0.023973493282498315,True,0.9601057022689375
Carlos Alcaraz,222,60105,0.9696058524430587,True,44149,0.8003120621951082,0.9616669521900608,0.1677866642162234,0,True,60105,503,0.0083686881291073,True,,False,8511,8708,0.4368464340265539,0.467156637574644,0.0303102035480901,True,0.1183174715074609,0.1274689940284795,0.0091515225210186,True,5556,5788,2.013678905687545,2.0122667588113337,-0.0014121468762113,True,0.6439574825560287,0.002400037939022326,True,0.00768279835744845,True,4443,4447,4820,4825,-0.0037551074491150027,True,0.015355297385015787,True,0.0026920477551103383,True,-0.001540746300714102,True,0.0020321634398922095,True,0.009469504417584873,True,0.0033893214144110617,True,0.006749026424061055,True,1.0304012415050814
Andre Agassi,215,66370,0.948113360950078,True,49468,0.7522526655419651,0.9262356583587292,0.1878387980927645,0,True,66370,319,0.0048063884285068,True,0.755685326295458,True,9480,10342,0.5114978902953586,0.5521175788048733,0.0406196885095146,True,0.0744725738396624,0.0935989170373235,0.019126343197661,True,6134,6301,1.9323443104010436,1.947627360736391,0.0152830503353476,True,0.6439574825560287,0.009691373001188386,True,-0.005379955490606991,True,5209,5216,5433,5386,0.006166869014263554,True,-0.008581554284495418,True,0.008151139599814061,True,-0.003979894217790214,True,0.010914547671857289,True,-0.004981645406238744,True,0.009787600730201795,True,-0.006637895458392495,True,1.0229986558706705
Stefanos Tsitsipas,200,51984,0.9730646165860264,True,38470,0.8018573188663821,0.9553202273326662,0.1606402796419011,0,True,51984,385,0.0074061249615266,True,,False,8616,7527,0.4088904363974002,0.4163677427926132,0.007477306395213,True,0.1251160631383472,0.1252823169921615,0.0001662538538143,True,4819,4850,2.0340319568375183,2.0550515463917525,0.0210195895542342,True,0.6439574825560287,-0.01451905904121209,True,-0.01184438128484272,True,4194,4203,4104,4111,-0.022687515679133186,True,-0.0067191722559178935,True,-0.007840342124019961,True,-0.016477381650599532,True,-0.01604786214466125,True,-0.010676385106368036,True,-0.01629170057812046,True,-0.012176304485990108,True,0.9437836586290578
Alexander Zverev,196,57032,0.9756132461262024,True,43666,0.7748839847857496,0.9736183828909534,0.2041193979052697,0,True,57032,288,0.0050497966054145,True,0.7886353417705995,True,7448,7707,0.3909774436090225,0.4102763721292332,0.0192989285202106,True,0.1217776584317937,0.1123653821201505,-0.0094122763116432,True,4785,4432,2.01546499477534,1.99706678700361,-0.0183982077717295,True,0.6439574825560287,0.004248053834088328,True,0.010738612783551482,True,3929,3927,4072,4057,-0.0031663756693750544,True,0.01086253208839022,True,0.006728197086259158,True,0.0025763180241511474,True,0.00418654201222779,True,0.01209398354994723,True,0.004937574632793318,True,0.011999188784510229,True,1.0387637920375208
Stefan Edberg,193,41273,0.975466110377148,True,27631,0.7480771079341564,0.954458344358064,0.2162286470057659,0,True,41273,61,0.0014779638020013,True,,False,8277,8795,0.3991784462969675,0.4385446276293348,0.0393661813323673,True,0.8207079859852604,0.7928368391131324,-0.0278711468721279,True,4955,5184,1.7112008072653886,1.698881172839506,-0.0123196344258824,True,0.6439574825560287,-0.0035344886460157987,True,-0.003077820228574446,True,4588,4583,4672,4671,-0.004193787280419303,True,0.003633452555008354,True,-0.001691032558135297,True,-0.007050372328950727,True,-0.0036591054968940773,True,-0.002135478007980307,True,-0.0034278961160342236,True,-0.0016919352934667842,True,0.9987783064629375
Dominic Thiem,183,52400,0.9802414676168836,True,39745,0.7983114696768241,0.9668436473279112,0.1743117184633353,0,True,52400,457,0.0087213740458015,True,0.8110632452215175,True,7076,7394,0.464527981910684,0.4794427914525291,0.014914809541845,True,0.0811192764273601,0.0872328915336759,0.0061136151063158,True,4559,4342,2.078745338890108,2.0753109166282817,-0.0034344222618258,True,0.6439574825560287,0.013155198414751101,True,0.002983979223179556,True,3752,3751,3752,3747,0.004991217383913615,True,0.004912677125165743,True,0.0138733382694467,True,0.004803843074459524,True,0.008103835788084934,True,0.0019178811421560749,True,0.011014191943001017,True,0.0011966013714025392,True,1.0405357452499013
Andrey Rublev,176,41353,0.9813341729168912,True,31612,0.8244610949856759,0.9772260353256462,0.1563250822406339,0,True,41353,25,0.0006045510603825,True,,False,6420,6287,0.4311526479750779,0.4421822808970892,0.0110296329220113,True,0.0546728971962616,0.0585334817878161,0.0038605845915544,True,2576,2662,2.060947204968944,2.0097670924117206,-0.0511801125572235,True,0.6439574825560287,-0.014570382215195132,True,0.002276950639859776,True,3274,3264,3541,3430,-0.0340397241574647,True,0.007814436940741187,True,-0.007200746549484216,True,0.0017487612940833563,True,-0.014760721741046812,True,0.002890160024467736,True,-0.015289154434603547,True,0.004680530895643409,True,0.995163815082151
Grigor Dimitrov,174,47467,0.9826359429210816,True,36475,0.8183581335770732,0.9757116393392,0.1612705018756304,0,True,47467,275,0.0057934986411612,True,,False,7043,6239,0.4128922334232571,0.4476678954960731,0.0347756620728159,True,0.0922902172369728,0.09007853822728,-0.0022116790096928,True,3443,3727,2.0787104269532386,2.084250067078079,0.0055396401248404,True,0.6439574825560287,-0.0164473159326175,True,-0.016147635524798143,True,3429,3436,3468,3468,-0.018730199889039345,True,-0.013390365633919599,True,-0.013238481172314742,True,-0.01701910241147464,True,-0.015533865558471915,True,-0.013216121945365034,True,-0.01590131814348905,True,-0.013863608215459233,True,0.9447306054906002
Casper Ruud,171,43261,0.9686911614338038,True,32953,0.8171016093184358,0.9633751908615608,0.1518344907889007,0,True,43261,95,0.0021959732784725,True,,False,6844,5905,0.4469608416130917,0.4684165961049957,0.021455754491904,True,0.0834307422559906,0.0763759525825571,-0.0070547896734334,True,3315,3549,2.0283559577677224,2.0180332488024795,-0.0103227089652429,True,0.6439574825560287,0.018966357053706195,True,-0.024941801963007604,True,3266,3275,3267,3271,0.020624831096297647,True,-0.014616859895560164,True,0.018263261966676603,True,-0.025702634181144657,True,0.018623108238577935,True,-0.02247002412330218,True,0.017459399758895544,True,-0.02232458191522768,True,0.9498076666431452
Boris Becker,155,37988,0.9821348626711436,True,25346,0.79635641160541,0.9675217624513658,0.1769111119653596,0,True,37988,103,0.0027113825418553,True,,False,7273,7684,0.4024474082221916,0.4349297241020302,0.0324823158798385,True,0.5730785095558917,0.5493232691306611,-0.0237552404252305,True,4278,4170,1.809022907900888,1.8122302158273385,0.00320730792645,True,0.6439574825560287,0.0018335271927721886,True,-0.002118638006162743,True,4013,4009,4116,4076,0.0014767214877996482,True,0.00678126595460643,True,-0.0005144972939921111,True,-0.0056630332385188,True,0.0021018141636761634,True,-0.004688449721236332,True,0.0004290442756575974,True,-0.0033920316479640333,True,1.017093161068246
Juan Martin Del Potro,153,45897,0.9613469230145132,True,35332,0.7751202066767322,0.9496906394693604,0.1838182093593863,0,True,45897,254,0.0055341307710743,True,,False,5870,6433,0.3431005110732538,0.3597077568785947,0.0166072458053408,True,0.0568994889267461,0.0539406186849059,-0.0029588702418402,True,4378,3852,2.0395157606212884,2.0576323987538943,0.0181166381326058,True,0.6439574825560287,0.026984643458380253,True,0.021678538247135337,True,3217,3209,3229,3229,0.02418114360490109,True,0.022542242703533055,True,0.02373565644727771,True,0.028765822573203426,True,0.028067911413562796,True,0.022304832713754663,True,0.028971232020012505,True,0.020819054278190363,True,1.0842530551085838
Alex De Minaur,140,45757,0.9770296853686684,True,36520,0.7803247466516386,0.9796224795348816,0.2034434050327918,0,True,45757,91,0.0019887667460716,True,,False,5068,5522,0.3474743488555643,0.3848243390076059,0.0373499901520416,True,0.0915548539857932,0.0892792466497645,-0.0022756073360286,True,3433,3458,2.075444217885232,2.048293811451706,-0.0271504064335257,True,0.6439574825560287,-0.0002812032222802019,True,-0.012162514252204548,True,2723,2736,2799,2822,-0.015028540282697844,True,-0.015062551365172094,True,0.006930795005082868,True,-0.010500363745727492,True,-0.0021673469288414626,True,-0.012304532803574908,True,-0.00290237081711775,True,-0.012882169147284017,True,1.014240066817748
Stan Wawrinka,138,42308,0.9664833317661452,True,31954,0.7825333501703796,0.963777556125257,0.1880560558844577,0,True,42308,121,0.0028599792001512,True,,False,6110,5944,0.460392798690671,0.4729138627187079,0.0125210640280369,True,0.0857610474631751,0.1004374158815612,0.0146763684183861,True,3696,3669,2.05275974025974,2.0397928590896703,-0.0129668811700698,True,0.6439574825560287,-0.018226516083186928,True,0.021091362792896973,True,3151,3099,3107,3159,-0.021618632293997964,True,0.019042561317614892,True,-0.010106658466487506,True,0.020301396256630966,True,-0.020026182499083722,True,0.021669963658703884,True,-0.020332429449728684,True,0.021581519407606387,True,0.999072230108716
Gael Monfils,134,42867,0.9783364910511192,True,33422,0.8152119652174428,0.9783679792193556,0.1667634442943397,0,True,42867,149,0.0034758672172067,True,,False,5544,5721,0.4583333333333333,0.4270232476839713,-0.0313100856493619,True,0.0817099567099567,0.0891452543261667,0.00743529761621,True,3419,3487,2.0412401286926003,2.01491253226269,-0.0263275964299101,True,0.6439574825560287,0.026078464814384805,True,-0.00245527884952651,True,3005,2917,2851,2851,0.012014393096902998,True,0.007679356008234217,True,0.021978099706388088,True,-0.015696956275682183,True,0.024036383085643376,True,-0.0015135254336959836,True,0.023832931374180855,True,-0.0008468973572641758,True,1.0234068475942983
Lleyton Hewitt,131,47261,0.931579429700647,True,36920,0.7054405994683919,0.902482289929006,0.218333027317483,0,True,47261,88,0.0018620003808637,True,,False,5760,6105,0.55625,0.5167895167895168,-0.0394604832104832,True,0.0673611111111111,0.073054873054873,0.0056937619437619,True,4017,4034,1.9392581528503856,1.9181953396132871,-0.0210628132370986,True,0.6439574825560287,-0.027347765291281467,True,-0.013971004133616682,True,3105,3099,3189,3185,-0.02338094543546354,True,-0.006121980280423878,True,-0.02431260778075439,True,-0.017783333537975066,True,-0.02650290885585005,True,-0.011390426615990545,True,-0.02614004544715476,True,-0.010832068985195842,True,0.9977692937094805
Taylor Fritz,128,33847,0.9684652354117196,True,25634,0.7884491975146496,0.9584141158518976,0.1773397485763999,0,True,33847,41,0.0012113333530298,True,,False,5357,4523,0.4159044241179764,0.4342250718549635,0.018320647736987,True,0.0621616576442038,0.0552730488613751,-0.0068886087828286,True,2594,2800,2.102158828064765,2.0828571428571427,-0.0193016852076222,True,0.6439574825560287,-0.033707696167468826,True,-0.01850471619178523,True,2593,2564,2641,2627,-0.036958287572672055,True,-0.018154861640010178,True,-0.018214925382037617,True,-0.01534203823236907,True,-0.03281227957974975,True,-0.018098922354241542,True,-0.03326629411476156,True,-0.02086661484427388,True,0.9266688591650637
Ivan Lendl,128,44636,0.9727188403904836,True,34062,0.8020431987850042,0.9683514607141662,0.1717436991384393,0,True,44636,93,0.0020835200286764,True,,False,5413,6133,0.4842046924071679,0.5196478069460296,0.0354431145388617,True,0.217439497506004,0.2444154573618131,0.026975959855809,True,3892,3871,1.737410071942446,1.7362438646344611,-0.0011662073079847,True,0.6439574825560287,0.009674005420206133,True,-0.01961907392701845,True,3138,3137,3241,3237,-0.0024581414783887423,True,-0.017543623237840145,True,0.01999502822061272,True,-0.01643050007938135,True,0.008350632385851542,True,-0.01866691950136934,True,0.008609693877551061,True,-0.018841877316453592,True,1.0235417107528435
Lorenzo Musetti,125,37148,0.9909147567287206,True,28444,0.8161023382284314,0.9833065441813484,0.1700428080564874,0,True,37148,248,0.0066759987078712,True,,False,4880,5037,0.4024590163934426,0.4494738931903911,0.0470148767969484,True,0.0913934426229508,0.0946992257296009,0.0033057831066501,True,3384,3410,2.0868794326241136,2.078592375366569,-0.0082870572575446,True,0.6439574825560287,0.03139757003214838,True,0.00785122923361009,True,2546,2541,2594,2595,0.030238522198213436,True,0.013960602620719298,True,0.03689405287582892,True,0.005058921291913154,True,0.03502018464902412,True,0.008438002447318627,True,0.034447791700668806,True,0.010910240035814422,True,1.028639506884705
Nick Kyrgios,118,25996,0.9816185075637468,True,18690,0.8324031581809855,0.9797088598874386,0.1503566087208575,0,True,25996,194,0.0074626865671641,True,,False,4734,4927,0.4167722855935784,0.4126243149989851,-0.0041479705945932,True,0.1201943388255175,0.1264461132535011,0.0062517744279835,True,2089,1642,2.026807084729536,2.028014616321559,0.0012075315920232,True,0.6439574825560287,0.006669811311977636,True,-0.0111151234828753,True,2541,2538,2512,2487,0.006297969928996672,True,-0.01222389983781863,True,0.008150395205945626,True,-0.007857888875202723,True,0.008583980762116195,True,-0.006306911696448536,True,0.011005517334495285,True,-0.01220061163539482,True,1.075319191057376
Tallon Griekspoor,116,26136,0.9619711920002106,True,18418,0.7912366055944798,0.9455763176436714,0.1632229035027002,0,True,26136,116,0.0044383226201408,True,,False,4799,4803,0.4567618253802875,0.4780345617322507,0.0212727363519631,True,0.144613461137737,0.1576098271913387,0.0129963660536017,True,2893,2692,2.0722433460076046,2.054606240713224,-0.0176371052943804,True,0.6439574825560287,0.019321144280531333,True,0.016090333105176657,True,2504,2478,2381,2382,0.023040602939160326,True,0.025474420759802108,True,0.02048411720993648,True,0.0021754004315713837,True,0.018905296758312096,True,0.01767735677520177,True,0.019871706258260846,True,0.018355553365041022,True,1.0345156526712966
Andy Roddick,114,32998,0.9797191723508988,True,24311,0.7961068849717671,0.9633721429464192,0.173624760897778,0,True,32998,39,0.0011818898115037,True,,False,5392,4660,0.4386127596439169,0.4302575107296137,-0.0083552489143032,True,0.150593471810089,0.1467811158798283,-0.0038123559302606,True,3268,3200,1.935128518971848,1.9353125,0.0001839810281518,True,0.6439574825560287,-0.0028204703933062403,True,-0.023669336687882514,True,2666,2684,2746,2749,-0.0025512941584100446,True,-0.02073666121123735,True,-0.002177289062535004,True,-0.02192279061332253,True,-0.003370786516853852,True,-0.02349951128263028,True,-0.0046943419423844945,True,-0.02294843863471313,True,0.9410831867639272
Botic Van De Zandschulp,111,34002,0.961697889243713,True,25853,0.7869537564593535,0.9614940895876458,0.1815303235021934,0,True,34002,105,0.0030880536439033,True,,False,4376,4829,0.3073583180987203,0.3151791261130668,0.0078208080143465,True,0.090036563071298,0.1114102298612549,0.0213736667899569,True,3159,3109,2.10414688192466,2.1122547442907686,0.008107862366109,True,0.6439574825560287,0.0032940259967362273,True,0.012827344379639116,True,2353,2372,2387,2427,-0.005499749814168231,True,0.019370221423916367,True,0.004089817418865271,True,0.007363915493280193,True,0.002230961615136473,True,0.01211522344836663,True,0.0006301427906825197,True,0.013083105131773354,True,1.0340343608447093
Felix Auger Aliassime,102,24995,0.9698290570372096,True,18287,0.8163115135384291,0.9617869169268634,0.1512553361125586,0,True,24995,106,0.0042408481696339,True,,False,3927,3722,0.3903743315508021,0.4102632993014508,0.0198889677506486,True,0.1140819964349376,0.0921547555077915,-0.021927240927146,True,2236,2236,2.0590339892665472,2.0621645796064403,0.003130590339893,True,0.6439574825560287,0.01259749020360823,True,-0.020602084305519575,True,1994,1985,2089,2066,0.008743202318334253,True,-0.016883246976563515,True,0.012446161689664392,True,-0.0219759990067237,True,0.012562814070351758,True,-0.016992665036674792,True,0.010516775162744185,True,-0.016284311348350455,True,0.9940695604451552
Alexander Bublik,99,17401,0.9816161222854676,True,11952,0.8059039232482289,0.9826443727473372,0.1798620685171853,0,True,17401,465,0.0267226021493017,True,0.6681739697288548,True,3565,3722,0.3239831697054698,0.3481998925308974,0.0242167228254275,True,0.1517531556802244,0.2025792584631918,0.0508261027829674,True,1713,1571,2.0758902510216,2.0598345003182685,-0.0160557507033312,True,0.6439574825560287,0.077646325341443,True,0.018994760043790804,True,1871,1922,1754,1755,0.0812245543302107,True,0.030844874470372485,True,0.07326203208556159,True,0.02536000753293005,True,0.07847176649144061,True,0.021273962322993112,True,0.0784302236113289,True,0.01837060030549137,True,1.062429796509727
Richard Gasquet,95,25713,0.9629017487696568,True,19775,0.7426853665959283,0.9583386688302292,0.2250282799268994,0,True,25713,230,0.0089448916890288,True,,False,3689,3776,0.448902141501762,0.4642478813559322,0.0153457398541702,True,0.1230685822716183,0.1273834745762712,0.0043148923046528,True,2251,2085,1.9511328298533983,1.961630695443645,0.0104978655902465,True,0.6439574825560287,-0.0040358539625237055,True,0.003763991756145668,True,1939,1920,1853,1856,-0.012122781400593086,True,0.0034577407358237777,True,0.0016889110484242797,True,-0.0007273864630100713,True,-0.0066418444328824044,True,0.0021792179336584394,True,-0.006374513447947483,True,0.0010995777621393144,True,0.976451267921438
Matteo Berrettini,94,22499,0.9790499376087656,True,16342,0.8204868576499024,0.9734937835568528,0.1571729871226389,0,True,22499,179,0.0079559091515178,True,,False,3494,3783,0.3958214081282198,0.415807560137457,0.0199861520092372,True,0.0787063537492844,0.077451757864129,-0.0012545958851554,True,2178,1810,1.9471992653810837,1.981767955801105,0.0345686904200215,True,0.6439574825560287,0.03568101792319989,True,0.025559686688808536,True,1867,1859,1880,1877,0.025932653580368226,True,0.02147555682512481,True,0.03325113638198118,True,0.010472712425713349,True,0.031871565072632335,True,0.018880810838027617,True,0.03398389682936498,True,0.019138484021900992,True,1.1271874815381102
Denis Shapovalov,90,21286,0.9805795512027992,True,15263,0.8388211448345195,0.968058122796794,0.1335012587765896,0,True,21286,37,0.0017382317015878,True,,False,3490,3689,0.4037249283667621,0.4692328544320954,0.0655079260653332,True,0.1226361031518624,0.1404174573055028,0.0177813541536403,True,1836,1782,2.145424836601307,2.117283950617284,-0.028140885984023,True,0.6439574825560287,-0.043010752688172005,True,-0.02920398125377016,True,1860,1860,1840,1874,-0.04000355696019853,True,-0.015978144720659726,True,-0.046565163546295585,True,-0.035381036189475856,True,-0.042527600878778604,True,-0.028239458859992517,True,-0.03999581034681865,True,-0.02775081313950417,True,0.9662189220228848
John Isner,87,16829,0.974798963452876,True,10957,0.8321881948480689,0.9708747955567074,0.1428470502513297,0,True,16829,33,0.0019609008259551,True,,False,4088,3435,0.437866927592955,0.4832605531295487,0.0453936255365937,True,0.1981409001956947,0.2282387190684134,0.0300978188727186,True,1753,1571,2.036508841985168,2.0445576066199878,0.008048764634819,True,0.6439574825560287,0.05210255193597324,True,-0.014254885649872817,True,1990,1991,1935,1929,0.05151287239258873,True,-0.017977459072818502,True,0.04639518072167703,True,-0.0023857859396832493,True,0.05326633165829153,True,-0.013867826513425774,True,0.05210255193597324,True,-0.015376685276673213,True,1.001256239477112
Tomas Berdych,86,22891,0.9854688673672138,True,17323,0.7964478076707294,0.9692349727834004,0.1782716987775106,0,True,22891,29,0.0012668734437115,True,,False,3509,3431,0.3952693074950128,0.4179539492859225,0.0226846417909096,True,0.0894841835280706,0.0874380647041678,-0.0020461188239027,True,2192,2038,2.081204379562044,2.0760549558390577,-0.0051494237229858,True,0.6439574825560287,-0.01721265963353691,True,-0.03312324929971994,True,1801,1801,1736,1785,-0.017896611218913394,True,-0.028716813545116793,True,-0.024923638136487347,True,-0.03148573378336006,True,-0.017600685882588785,True,-0.034854802135908136,True,-0.017554599776054558,True,-0.03539728867907255,True,0.9560081757761698
Marin Cilic,84,23127,0.9666671269527176,True,17096,0.7921011671212146,0.952023910315382,0.167981855772077,0,True,23127,84,0.0036321183032818,True,,False,3635,3663,0.4484181568088033,0.4332514332514332,-0.01516672355737,True,0.0811554332874828,0.0717990717990718,-0.009356361488411,True,1938,2045,2.0748194014447883,2.069926650366748,-0.0048927510780401,True,0.6439574825560287,-0.02439628213177314,True,0.009895903374859016,True,1883,1877,1853,1854,-0.030398769376405066,True,0.021735353480056674,True,-0.022181806215365252,True,0.006966299506463047,True,-0.020336807642513777,True,0.01262366670704762,True,-0.02275773004721282,True,0.009730662085455866,True,0.9723258556182577
Milos Raonic,82,17005,0.9835683513634652,True,11241,0.8254315208347537,0.9559372940249108,0.1365212697588889,0,True,17005,37,0.0021758306380476,True,,False,3540,3099,0.4923728813559322,0.5017747660535656,0.0094018846976334,True,0.2161016949152542,0.2010325911584382,-0.015069103756816,True,1991,1935,2.020090406830738,2.0031007751937984,-0.0169896316369397,True,0.6439574825560287,-0.027337789081445574,True,-0.01622291045523533,True,1740,1749,1766,1764,-0.028259497685822144,True,-0.017201973277042037,True,-0.01582520558424172,True,-0.02191088197267238,True,-0.029293509477311908,True,-0.017574407825689586,True,-0.027046775703681525,True,-0.01456993053631711,True,0.9479517772226707
Jo Wilfried Tsonga,82,21128,0.9811164476813184,True,15176,0.8071989886238482,0.9680538524252924,0.1661631358611404,0,True,21128,119,0.0056323362362741,True,,False,3307,3373,0.404293921983671,0.4515268307144975,0.0472329087308265,True,0.1463562140913214,0.1660243107026386,0.0196680966113171,True,2303,2094,2.0078158923143725,2.0152817574021014,0.0074658650877288,True,0.6439574825560287,0.04086721680121397,True,-0.006208669848878523,True,1733,1739,1730,1722,0.041208945028611055,True,0.005976016045248944,True,0.03806869278826974,True,-0.009691613566567892,True,0.040085804581702744,True,-0.006989892379290319,True,0.03732335565964584,True,-0.005028301257226975,True,1.03673244395763
Marat Safin,82,28247,0.9710648423110746,True,21078,0.7525871235075621,0.9611621580712186,0.2170029612716003,0,True,28247,153,0.0054165044075477,True,,False,3986,4234,0.4014049172102358,0.4029286726499764,0.0015237554397405,True,0.113647767185148,0.1428908833254605,0.0292431161403125,True,2612,2575,2.0643185298621747,2.0710679611650487,0.0067494313028739,True,0.6439574825560287,0.005596539257277766,True,-0.016171091246983238,True,2195,2180,2180,2182,0.0041614314555505905,True,-0.021429301206514317,True,0.01485561760335219,True,-0.012250823094332675,True,0.00242787307406922,True,-0.017300431386069515,True,0.005669781380073791,True,-0.018117692956293008,True,1.0080634423665447
Karen Khachanov,80,22500,0.9773021361228992,True,17259,0.8006500910158182,0.976556326000935,0.1801291234326082,0,True,22500,126,0.0056,True,,False,3059,3173,0.4390323635174893,0.4207374724235739,-0.0182948910939154,True,0.0761686825760052,0.0633469902300661,-0.012821692345939,True,1716,1643,2.057109557109557,2.058429701765064,0.0013201446555068,True,0.6439574825560287,-0.021130123449456084,True,0.00742226509640781,True,1623,1618,1648,1643,-0.03374091612716279,True,-0.0006199140851465001,True,-0.012368284756145709,True,0.018499070123618844,True,-0.018591741855539023,True,0.005336862715588142,True,-0.021896639696770914,True,0.004730434577322529,True,1.0128330043528153
Roberto Bautista Agut,79,23965,0.9652417774314412,True,19311,0.78914613352425,0.9514150591393116,0.1705553470657241,0,True,23965,111,0.0046317546421865,True,,False,3002,2817,0.4350433044636909,0.476038338658147,0.0409950341944561,True,0.0666222518321119,0.0695775647852325,0.0029553129531205,True,1451,1562,2.0613370089593386,2.0723431498079385,0.0110061408485999,True,0.6439574825560287,-0.010993412384716739,True,-0.022857906638956427,True,1518,1500,1519,1517,-0.016687591407496205,True,-0.01951190662741753,True,0.0013342228152101177,True,-0.013555769653330607,True,-0.005182239893969487,True,-0.02040816326530609,True,-0.014441571239418804,True,-0.020936170943252064,True,0.9464131650148434
Tommy Paul,77,22714,0.972751460668573,True,17481,0.7806225480045055,0.95534650370873,0.1828906632577105,0,True,22714,83,0.0036541340142643,True,,False,3073,3200,0.4275951838594207,0.4528125,0.0252173161405792,True,0.124633908232997,0.1234375,-0.001196408232997,True,1759,1675,2.0977828311540647,2.092537313432836,-0.0052455177212289,True,0.6439574825560287,-0.003615984945756545,True,-0.0169573279047755,True,1622,1646,1655,1631,-0.018072476109376456,True,-0.006163693541172077,True,-0.0012330456226880004,True,-0.021638548628757748,True,-0.00798983304713563,True,-0.014171287738755423,True,-0.004682772710104088,True,-0.017404905585154562,True,0.9883282863989309
David Goffin,75,23252,0.9728875413797268,True,18073,0.7834989068994995,0.95500619294915,0.1795876166205998,0,True,23252,104,0.0044727335282986,True,,False,2828,3297,0.442008486562942,0.45950864422202,0.017500157659078,True,0.0742574257425742,0.0727934485896269,-0.0014639771529473,True,1861,1818,2.1020956475013435,2.09020902090209,-0.0118866265992534,True,0.6439574825560287,0.01503143848471522,True,0.015831689100382407,True,1589,1582,1606,1588,0.00403149245229617,True,0.02659978012930414,True,0.015134019800408738,True,0.012858235035436982,True,0.009603933342839599,True,0.01788075716930515,True,0.01075189055404946,True,0.017540019663503936,True,1.0467141847610977
David Ferrer,74,25988,0.9672930878772044,True,21187,0.7895098902117699,0.9558861555810008,0.1740544775105618,0,True,25988,116,0.0044635985839618,True,,False,2900,3041,0.3513793103448276,0.3679710621506084,0.0165917518057807,True,0.0586206896551724,0.0611640907596185,0.0025434011044461,True,1772,1954,2.024830699774266,2.01740020470829,-0.0074304950659755,True,0.6439574825560287,-0.035643564356435564,True,-0.011184903290166415,True,1515,1515,1480,1463,-0.04339687700113293,True,0.018174974907995967,True,-0.01800164144582883,True,-0.01500540188891858,True,-0.03635341052447949,True,-0.005467378883889262,True,-0.03524081959647152,True,-0.005221569213888444,True,0.975098746468765
Kei Nishikori,72,19834,0.9701311587684538,True,15239,0.7829380198685596,0.9593891831535806,0.1839203176181468,0,True,19834,66,0.0033276192396894,True,,False,2760,3039,0.3920289855072463,0.4264560710760118,0.0344270855687655,True,0.0855072463768115,0.0881869035867061,0.0026796572098945,True,1591,1619,2.062225015713388,2.0815318097591105,0.0193067940457227,True,0.6439574825560287,0.058369603661284075,True,0.04259349663973283,True,1483,1489,1490,1471,0.03838543835194874,True,0.05783559859789128,True,0.043932593676516585,True,0.040927679000154926,True,0.05672564914271072,True,0.04479695552814511,True,0.05694355117993366,True,0.043872990433198034,True,1.0865205042641604
Arthur Fils,70,16294,0.971661999716209,True,12431,0.7955957304897663,0.958653090441587,0.170090058205217,0,True,16294,132,0.0081011415244875,True,,False,2545,2528,0.4958742632612966,0.5142405063291139,0.0183662430678172,True,0.0632612966601178,0.1032436708860759,0.039982374225958,True,1233,1214,2.0689375506893755,2.1350906095551894,0.0661530588658139,True,0.6439574825560287,0.03822947371334462,True,0.01874999999999999,True,1332,1302,1280,1280,0.024289952746829435,True,0.030281857267971002,True,0.037634408602150504,True,0.012793044276875498,True,0.03925778638247901,True,0.020025858704137423,True,0.037337742287262055,True,0.02158835870413739,True,1.0430601628036051
Adrian Mannarino,70,21923,0.9615467811489218,True,17433,0.7663445445696436,0.9414289333205864,0.1859772761958666,0,True,21923,63,0.0028736942936641,True,,False,2709,2961,0.4355850867478774,0.4846335697399527,0.0490484829920752,True,0.0734588409007013,0.0861195542046605,0.0126607133039592,True,1788,1549,2.1308724832214767,2.164622336991608,0.0337498537701308,True,0.6439574825560287,0.019695319988460414,True,0.003901387408694279,True,1462,1470,1437,1430,0.03388772889816882,True,0.0020691283474876254,True,0.036141037131649956,True,-0.003009254896047364,True,0.023777107217415216,True,0.006481323554494267,True,0.023228005182765465,True,0.00519452499184897,True,1.0358287715063856
Nikolay Davydenko,68,21899,0.9824481199688948,True,16981,0.7748863793866966,0.968898348654128,0.2002397563551724,0,True,21899,41,0.0018722316087492,True,,False,2640,2850,0.4223484848484848,0.4329824561403508,0.0106339712918659,True,0.0795454545454545,0.075438596491228,-0.0041068580542264,True,1933,1813,2.0134505949301604,2.0016547159404303,-0.0117958789897301,True,0.6439574825560287,0.044077533640465294,True,-0.01788791271625828,True,1424,1417,1446,1432,0.036870353850728566,True,-0.02316935867168446,True,0.04520353443354985,True,-0.02086678599314351,True,0.03970042153745623,True,-0.019563330082592145,True,0.040754265178137405,True,-0.022832027439778912,True,1.0591592181001517
Frances Tiafoe,66,12410,0.9720774738435174,True,9460,0.7833101534835699,0.960683144757483,0.1846321466571472,0,True,12410,144,0.0116035455278001,True,,False,1847,2026,0.4006497022198159,0.4600197433366239,0.0593700411168079,True,0.0931239848402815,0.1115498519249753,0.0184258670846937,True,1084,982,2.0636531365313653,2.120162932790224,0.0565097962588585,True,0.6439574825560287,0.008672441126508335,True,-0.02072675965570947,True,1014,1009,1009,1015,0.008891939689108508,True,-0.0248262164846077,True,0.011431257408875739,True,-0.02815732592249498,True,0.010634605068004732,True,-0.025820301185946748,True,0.006908697367143057,True,-0.02045356709584001,True,1.0503848033969934
Holger Rune,66,17773,0.9769495830821308,True,13419,0.8196172605954111,0.9761895480237168,0.160391276207868,0,True,17773,232,0.01305350813031,True,,False,2671,2957,0.4979408461250468,0.4663510314507947,-0.031589814674252,True,0.1224260576563085,0.1498140006763611,0.0273879430200526,True,1519,1439,2.0592495062541145,2.0542043085476025,-0.005045197706512,True,0.6439574825560287,0.03399764916237058,True,0.038390022323394,True,1447,1444,1389,1390,0.034698126301179744,True,0.03707786243043176,True,0.04465761333472262,True,0.03001089123532452,True,0.03475964098492701,True,0.035720044653932026,True,0.035518301875414604,True,0.036690647482014394,True,1.0704691851199535
John Mcenroe,66,15308,0.9939620849410092,True,10269,0.8072319029784676,0.9867288213372324,0.181911092974367,0,True,15308,40,0.0026130128037627,True,,False,3411,3292,0.3978305482263266,0.4717496962332928,0.0739191480069662,True,0.7763119319847552,0.7363304981773997,-0.0399814338073555,True,1563,1849,1.7767114523352527,1.7798810167658194,0.0031695644305667,True,0.6439574825560287,-0.030506286675371586,True,0.01038675982711873,True,1786,1807,1777,1767,-0.03284107001135994,True,0.02102749676330362,True,-0.014347116884353972,True,-0.002666177835405237,True,-0.028311828893506363,True,0.010381149459392391,True,-0.031340458556256556,True,0.011352191303847348,True,0.9722811651904338
Yevgeny Kafelnikov,64,17295,0.9673461527799154,True,12823,0.7602434748077449,0.9488222486080996,0.1987503708697761,0,True,17295,81,0.004683434518647,True,,False,3020,2873,0.447682119205298,0.4886877828054298,0.0410056636001318,True,0.1986754966887417,0.2081447963800905,0.0094692996913487,True,1481,1622,1.9088453747467928,1.9019728729963008,-0.0068725017504918,True,0.6439574825560287,-0.004707786237081124,True,0.01881984048013191,True,1539,1537,1489,1495,-0.0006501950585174887,True,0.01608083947158523,True,-0.008570747251906097,True,0.018524337884210318,True,-0.005591649265093923,True,0.016028424792735918,True,-0.004439061395781874,True,0.017454057679409773,True,0.9573287123499246
Jiri Lehecka,61,11858,0.9711711189993856,True,8953,0.8036088258579163,0.9754892252439304,0.1761991777438996,0,True,11858,79,0.0066621689998313,True,,False,1986,2174,0.4546827794561933,0.4484820607175713,-0.006200718738622,True,0.1248741188318227,0.1494940202391904,0.0246199014073676,True,938,789,2.0191897654584223,2.0633713561470217,0.0441815906885993,True,0.6439574825560287,0.03519501948604875,True,0.03955375253549692,True,1066,1062,986,986,0.020006974376632125,True,0.03803603629419339,True,0.045910363284013656,True,0.02706578974327456,True,0.03204524033930256,True,0.04392876793325173,True,0.03250720155049058,True,0.0478537914643391,True,1.0533346653985893
Ugo Humbert,58,13369,0.9877419674062252,True,10303,0.8027546778236945,0.9794695071448976,0.1804189186412934,0,True,13369,41,0.0030667963198444,True,,False,2219,1900,0.4064894096439838,0.44,0.0335105903560162,True,0.0572329878323569,0.0657894736842105,0.0085564858518536,True,895,955,2.1731843575419,2.135078534031414,-0.0381058235104858,True,0.6439574825560287,-0.04196589834007047,True,0.008985475025937495,True,1056,1057,1040,1038,-0.05210285848172447,True,0.03282232447787753,True,-0.030274361400189242,True,-0.007712663569391542,True,-0.045480339200658304,True,0.01642240737985423,True,-0.041925912943326815,True,0.009310308377886711,True,0.935946109393003
Reilly Opelka,57,9678,0.980940776035412,True,6624,0.8439189825010871,0.9778110822784256,0.1369304379996927,0,True,9678,16,0.0016532341392849,True,,False,2291,1931,0.4556962025316455,0.4873122734334542,0.0316160709018086,True,0.1479703186381492,0.1444847229414811,-0.0034855956966681,True,647,583,2.060278207109737,2.0874785591766725,0.0272003520669352,True,0.6439574825560287,0.06529677867723716,True,0.013742554481577907,True,1118,1112,1058,1060,0.057255812600593425,True,0.0005458118040899129,True,0.05467186843376215,True,0.008522727272727237,True,0.06441628205373728,True,0.014097157138394267,True,0.0638489208633094,True,0.013402437977508841,True,0.9853306506407358
Gilles Simon,57,23101,0.9712322886527056,True,19209,0.7474876433542308,0.9668291730989158,0.2268668921539092,0,True,23101,6,0.0002597290160599,True,,False,2272,2400,0.4181338028169014,0.43,0.0118661971830985,True,0.0607394366197183,0.0670833333333333,0.006343896713615,True,1551,1615,2.029658284977434,2.020433436532508,-0.0092248484449264,True,0.6439574825560287,-0.012139501743978931,True,0.005804311774461002,True,1204,1203,1206,1206,-0.022981480724418413,True,0.008476831209369928,True,-0.007795591458623408,True,-0.006136397674513572,True,-0.01114119896076804,True,0.005147118785304605,True,-0.011289372333809777,True,0.002244324801628672,True,1.0057702812965303
Alejandro Davidovich Fokina,56,16782,0.9781869330944056,True,12924,0.7905533333733181,0.9646531419248832,0.180479180531319,0,True,16782,112,0.0066738171850792,True,,False,2272,2568,0.3565140845070422,0.3586448598130841,0.0021307753060418,True,0.079225352112676,0.0841121495327102,0.0048867974200342,True,1407,1339,2.074626865671642,2.11949215832711,0.044865292655468,True,0.6439574825560287,0.013342630744849426,True,0.0024630541871921707,True,1262,1250,1218,1218,0.005119744204636345,True,0.003828869191216,True,0.0030958168902920358,True,-0.015780730897009987,True,0.013277058353317384,True,0.0033940144025089714,True,0.01307792086581705,True,0.002618092385479942,True,1.026979968515311
Gustavo Kuerten,56,17512,0.9802693154232874,True,12747,0.7641246892389898,0.965912758082179,0.2089092075394466,0,True,17512,93,0.0053106441297396,True,,False,2547,2903,0.4829210836277974,0.5153289700310024,0.032407886403205,True,0.0785237534354142,0.1060971408887357,0.0275733874533215,True,1696,1740,1.9463443396226412,1.95,0.0036556603773585,True,0.6439574825560287,0.023006885063004856,True,5.7590307313282185e-05,True,1446,1448,1448,1451,0.015928903248006998,True,0.009162957271487637,True,0.030350019615760226,True,0.0011335130408885452,True,0.026908892422336628,True,0.003455425017277136,True,0.02710416418088535,True,0.002143590320116684,True,1.0342312365775272
Goran Ivanisevic,56,12693,0.9888569995971804,True,7807,0.8077317001886124,0.9886806472042136,0.1830206220049798,0,True,12693,48,0.0037816119120775,True,,False,2847,2902,0.4134176325957148,0.4555478980013783,0.0421302654056635,True,0.5925535651563049,0.5544452101998621,-0.0381083549564427,True,1660,1386,1.7481927710843377,1.7712842712842711,0.0230915001999338,True,0.6439574825560287,0.023294428576118742,True,0.0001534048513567865,True,1560,1562,1568,1559,0.01267460407746357,True,-0.006795045230120256,True,0.03914919902475744,True,-0.0047551223643768625,True,0.023647048993120312,True,0.0005914254469167601,True,0.021417892793471727,True,-0.0007886991620071337,True,1.0781673229483668
Joao Fonseca,53,12308,0.9892552976788824,True,9145,0.801066254246912,0.9784986169556767,0.1813312350515075,0,True,12308,44,0.0035749106272343,True,,False,1913,1954,0.4594877156299007,0.4344933469805527,-0.024994368649348,True,0.0784108729743857,0.0931422722620266,0.0147313992876408,True,1279,1256,2.09460516028147,2.065286624203821,-0.0293185360776484,True,0.6439574825560287,-0.00010590955906641941,True,0.017154985525683786,True,1020,1009,1043,1034,-0.014759610215710595,True,0.00810269778058148,True,-0.009593187145781945,True,0.011497986228400647,True,0.002037002941902344,True,0.01592353729210677,True,-0.002834587237034225,True,0.01833976833976836,True,1.0195558004238259
Feliciano Lopez,53,12981,0.9816900011148856,True,9509,0.7953471947489069,0.9742479477168632,0.183629591817163,0,True,12981,76,0.0058547107310684,True,,False,2224,2263,0.3498201438848921,0.3645603181617322,0.0147401742768401,True,0.3682553956834532,0.3261157755192223,-0.0421396201642309,True,1312,1169,2.054878048780488,2.0444824636441403,-0.0103955851363473,True,0.6439574825560287,0.008266129763653818,True,-0.005291005291005291,True,1175,1173,1127,1134,0.023896448722203867,True,0.007992895204262884,True,0.01464874370189262,True,-0.017752169061932777,True,0.010819321253015546,True,-0.008364511293349919,True,0.008821423540158913,True,-0.007864675352053985,True,0.9958641287882817
Patrick Rafter,53,10062,0.969844573073334,True,6477,0.7537602373596287,0.9574142571429824,0.2127125413727149,0,True,10062,46,0.0045716557344464,True,,False,2447,2263,0.3923171230077646,0.4326115775519222,0.0402944545441575,True,0.8377605230894973,0.7918692001767565,-0.0458913229127407,True,1153,1284,1.7788378143972243,1.8052959501557635,0.0264581357585387,True,0.6439574825560287,0.011411375818155434,True,-0.014638071288317567,True,1298,1287,1276,1274,0.007249589214037622,True,-0.007598551433497858,True,0.026120660599932566,True,-0.007312085115516065,True,0.011859722605732204,True,-0.01167049916348778,True,0.01266129855469289,True,-0.011233265784812763,True,0.972078117082875
Borna Coric,52,12496,0.9573369237451244,True,9595,0.7765709460495261,0.9481287813145948,0.1809436003273744,0,True,12496,65,0.0052016645326504,True,,False,1808,1908,0.4242256637168141,0.4460167714884696,0.0217911077716554,True,0.0978982300884955,0.1079664570230607,0.0100682269345652,True,1116,984,2.0510752688172045,2.023373983739837,-0.027701285077367,True,0.6439574825560287,0.04170989383407686,True,0.03370264164059783,True,972,952,959,960,0.034325183411575755,True,0.029946729166462405,True,0.05832566561428976,True,0.028173981191222552,True,0.04237716984604056,True,0.03448275862068967,True,0.04232687624517417,True,0.03295123985874643,True,1.0882320692538068
Sebastian Baez,50,13844,0.9786649663344048,True,11119,0.8083503281535394,0.9721366145885806,0.168480729947979,0,True,13844,169,0.0122074544929211,True,,False,1638,1764,0.3888888888888889,0.3633786848072562,-0.0255102040816326,True,0.0659340659340659,0.0742630385487528,0.0083289726146869,True,803,877,1.983810709838107,1.9623717217787915,-0.0214389880593157,True,0.6439574825560287,-0.011507479861910253,True,0.01752464403066817,True,869,869,913,913,0.0014851680688865443,True,0.012457346028109828,True,-0.012898131781075794,True,0.0069372364047247115,True,-0.008124436075477526,True,0.013744720452430359,True,-0.012641324205366344,True,0.014603870025556798,True,1.0125147119376074
Sebastian Korda,49,13709,0.970316182525474,True,10296,0.7685442327515969,0.9562529367388704,0.196296081063469,0,True,13709,75,0.00547085856007,True,,False,2042,2133,0.4407443682664055,0.4857008907641819,0.0449565224977763,True,0.1209598432908912,0.1218940459446788,0.0009342026537875,True,1316,1181,2.1443768996960486,2.088060965283658,-0.0563159344123906,True,0.6439574825560287,0.03751143641354071,True,0.004608294930875556,True,1093,1093,1085,1085,0.027516343089911688,True,0.0069877325721011685,True,0.023444856833664818,True,0.016494349400335895,True,0.03583038839841324,True,0.007412323433261925,True,0.032936870997255285,True,0.012769918847266915,True,1.0256214020974024
Diego Schwartzman,49,16736,0.9628156583886638,True,13510,0.7685786950783695,0.9617441952765776,0.2008491459027291,0,True,16736,81,0.0048398661567877,True,,False,1806,1968,0.384828349944629,0.4004065040650406,0.0155781541204116,True,0.0631229235880398,0.0619918699186991,-0.0011310536693406,True,1248,1187,2.03525641025641,1.9587194608256109,-0.0765369494307992,True,0.6439574825560287,0.05303799288611433,True,-0.0025179282868526,True,972,973,1004,1000,0.050833432595420724,True,-0.01158563658563655,True,0.05870236869207013,True,0.001710144927536239,True,0.05807194653172454,True,-0.004260977395305732,True,0.053278238311320725,True,-0.005508998529935749,True,1.050572797096611
Fernando Gonzalez,49,13878,0.9809531215838484,True,9965,0.8081926845531262,0.9574274086854784,0.1558705367932253,0,True,13878,119,0.0085747225825046,True,,False,2099,2502,0.4811815150071463,0.4744204636290967,-0.0067610513780495,True,0.0919485469271081,0.0819344524380495,-0.0100140944890585,True,1489,1349,2.044996642041639,2.0096367679762785,-0.0353598740653602,True,0.6439574825560287,-0.007511848848281155,True,0.048500113709016524,True,1208,1238,1182,1183,-0.0011365986131980366,True,0.03559697990871474,True,-0.00801259626960893,True,0.0476540900203532,True,0.000401389131846841,True,0.047483524989415826,True,-0.0021414166189736017,True,0.04622443282316191,True,1.068469068422129
Miomir Kecmanovic,48,14519,0.9661211890856054,True,11494,0.8005962819223592,0.9670223003508156,0.1721015310278578,0,True,14519,53,0.0036503891452579,True,,False,1841,2036,0.3699076588810429,0.3708251473477407,0.0009174884666977,True,0.0597501357957631,0.0471512770137524,-0.0125988587820107,True,1093,994,2.1116193961573653,2.1358148893360163,0.0241954931786509,True,0.6439574825560287,-0.008271563206734833,True,-0.01214035377919298,True,998,996,982,985,-0.01807228915662651,True,0.001963257415199482,True,-0.00865246341433945,True,-0.020498641559865416,True,-0.008032128514056214,True,-0.01394615269981625,True,-0.01133776081696769,True,-0.009796335272997447,True,1.0033011532749725
Cameron Norrie,48,13111,0.9652692613653436,True,10208,0.8392477508527698,0.9615216218505422,0.1271670529493079,0,True,13111,44,0.0033559606437342,True,,False,1834,1850,0.4073064340239912,0.4864864864864865,0.0791800524624952,True,0.0970556161395856,0.0886486486486486,-0.0084069674909369,True,1039,935,2.012512030798845,2.007486631016042,-0.0050253997828022,True,0.6439574825560287,0.021338511764043666,True,-0.0154209360625015,True,940,945,905,908,0.014631612232913205,True,-0.012844357734177636,True,0.03209228471697434,True,-0.026262194687744822,True,0.021164021164021163,True,-0.01729415925749761,True,0.01884572604447099,True,-0.01655629139072845,True,1.031491652385859
Nicolas Jarry,48,10596,0.9659458547056652,True,7829,0.8360388019017228,0.970700712016996,0.138726497722931,0,True,10596,29,0.0027368818422046,True,,False,1813,1880,0.4396028681742967,0.4930851063829787,0.0534822382086819,True,0.1307225592939878,0.149468085106383,0.0187455258123951,True,495,475,2.1535353535353536,2.221052631578947,0.0675172780435935,True,0.6439574825560287,-0.04374900883952215,True,0.029882604055496254,True,958,961,937,937,-0.05093555093555091,True,0.02521245267621608,True,-0.04379028456353096,True,0.03544038914418268,True,-0.043439858679942156,True,0.027354582025752028,True,-0.03995561314923213,True,0.030120100136261374,True,0.9912372193111098
Fabio Fognini,47,12389,0.980923852242578,True,9507,0.8076090291183504,0.9773672231267396,0.1736892643742523,0,True,12389,86,0.0069416417789974,True,,False,1643,1825,0.3901399878271455,0.3950684931506849,0.0049285053235394,True,0.0785149117468046,0.090958904109589,0.0124439923627844,True,1032,997,2.0358527131782944,2.114343029087262,0.0784903159089673,True,0.6439574825560287,0.0694131293089626,True,0.020737327188940113,True,896,891,868,868,0.03538071829855538,True,0.015582838640043173,True,0.06629213483146068,True,0.015279934821905983,True,0.06960536523110028,True,0.019585253456221252,True,0.06665583482271187,True,0.0201718598063671,True,1.068129137934507
Jan Lennard Struff,47,8339,0.9664525459635624,True,6006,0.8026050443656181,0.9684616539941114,0.171257797295815,0,True,8339,5,0.0005995922772514,True,,False,1621,1739,0.4034546576187539,0.4307073030477286,0.0272526454289747,True,0.2671190623072177,0.2484186313973548,-0.0187004309098629,True,595,573,2.0722689075630254,2.0575916230366493,-0.014677284526376,True,0.6439574825560287,0.05999558624168477,True,-0.018327798783494997,True,873,872,875,869,0.05591057682168099,True,-0.02259974137828763,True,0.06047800377697288,True,-0.01859153504723121,True,0.05616884390569221,True,-0.016076160513508075,True,0.059648947657417906,True,-0.016013226263580538,True,1.043109672165556
Benoit Paire,47,9916,0.9888227114737408,True,7038,0.7901913906627611,0.9897346351848452,0.2016128742274607,0,True,9916,242,0.0244050020169423,True,,False,1658,1948,0.5102533172496985,0.5246406570841889,0.0143873398344904,True,0.1574185765983112,0.1940451745379876,0.0366265979396764,True,860,916,2.0848837209302324,2.072052401746725,-0.0128313191835074,True,0.6439574825560287,0.04092609369746336,True,-0.01989961498441606,True,923,928,914,919,0.0535742403696331,True,-0.006621665059466375,True,0.04539909632353545,True,-0.0164473684210526,True,0.036719943817250744,True,-0.010350492880613404,True,0.04080246248412922,True,-0.012345561044595,True,1.0501044812208795
David Nalbandian,47,15614,0.9604498590060524,True,12018,0.749764563911303,0.9539619940279328,0.2140519553136943,0,True,15614,90,0.0057640578967593,True,,False,2010,2241,0.4402985074626865,0.466309683177153,0.0260111757144664,True,0.0830845771144278,0.0843373493975903,0.0012527722831624,True,1477,1335,1.934326337169939,1.9543071161048688,0.0199807789349297,True,0.6439574825560287,0.04822197212020696,True,0.019891500904159143,True,1104,1101,1106,1106,0.040760869565217406,True,0.042425990656214274,True,0.04727480270343509,True,0.017746675357048936,True,0.044504995458673924,True,0.02238261800863628,True,0.049046321525885506,True,0.02084539286488818,True,1.0674625151994939
Jim Courier,47,14730,0.9759728848400584,True,10537,0.8302584391971433,0.9648261412170512,0.1394735240591237,0,True,14730,19,0.0012898845892735,True,,False,2619,2354,0.4646811760213822,0.4821580288870008,0.0174768528656186,True,0.1531118747613593,0.1346644010195412,-0.018447473741818,True,1498,1628,1.7002670226969292,1.7174447174447174,0.0171776947477881,True,0.6439574825560287,0.013847933584357763,True,-0.04696197279955444,True,1316,1340,1335,1318,0.0028583759531766173,True,-0.04449685534591197,True,0.019190423300012305,True,-0.0486748382212861,True,0.010372115126345616,True,-0.04010837302409054,True,0.014918311627466818,True,-0.04302087644272773,True,0.937055271218683
Robin Haase,46,12236,0.9836115526520968,True,9122,0.8172348543414326,0.979857470004064,0.165965582384096,0,True,12236,154,0.0125858123569794,True,,False,1735,1883,0.3930835734870317,0.4545937334041423,0.0615101599171106,True,0.0945244956772334,0.1248008497079129,0.0302763540306794,True,1221,1192,2.0663390663390664,2.0578859060402683,-0.008453160298798,True,0.6439574825560287,-0.05168862825646503,True,0.02040816326530609,True,943,951,931,931,-0.04547130182294801,True,0.025778732545649885,True,-0.037848824559997274,True,0.004622258448141459,True,-0.04990485662642952,True,0.023167561749247112,True,-0.050600959471774676,True,0.021482277121374904,True,0.9876521638117207
Karim Mohamed Maamoun,46,12309,0.942393478654953,True,9633,0.7680203361087794,0.94514701927784,0.187406487621786,0,True,12309,162,0.0131611016329514,True,,False,1487,1657,0.3934095494283793,0.3850331925165962,-0.008376356911783,True,0.0477471418964357,0.0506940253470126,0.0029468834505768,True,1011,1010,1.94164193867458,1.915841584158416,-0.0258003545161638,True,0.6439574825560287,0.02566052566052568,True,-0.0067240300375469575,True,814,819,800,799,0.01251093891950017,True,-0.0010583760031396272,True,0.04022012147782794,True,0.01126408010012514,True,0.023531218384159613,True,-0.0013790749589506213,True,0.025403109961933512,True,-0.007171919285202333,True,1.0307105037341406
Ivo Karlovic,45,6562,0.9919271666091152,True,3728,0.8187699396913245,0.9848402148191436,0.1686266184391305,0,True,6562,32,0.0048765620237732,True,,False,1826,1781,0.4331872946330777,0.4671532846715328,0.033965990038455,True,0.7546549835706462,0.7332959011791128,-0.0213590823915333,True,852,702,2.072769953051643,2.103988603988604,0.0312186509369607,True,0.6439574825560287,0.023579503743943575,True,0.036139703207972634,True,980,973,944,932,0.015475534632143129,True,0.034078807241746556,True,0.03182686455259798,True,0.040814810752009933,True,0.026604661917822292,True,0.038029243366939,True,0.02578310022789221,True,0.03897434958866,True,1.057949035272939
Ben Shelton,44,11891,0.9853821390177828,True,8682,0.8607594651710213,0.97960110025429,0.1213163552515601,0,True,11891,61,0.0051299301993104,True,,False,2087,1908,0.4226161954959271,0.4517819706498951,0.029165775153968,True,0.1581217057977959,0.1624737945492662,0.0043520887514703,True,1202,1203,2.115640599001664,2.114713216957606,-0.0009273820440576,True,0.6439574825560287,-0.03548196769673273,True,0.0020158213233064104,True,1043,1040,1006,1003,-0.047603393928768445,True,-0.0006251088005823635,True,-0.037099283595050214,True,-0.023269494997594287,True,-0.03749330428072084,True,0.003988035892322994,True,-0.037589001183647386,True,0.002360972637642622,True,0.924681910197968
Lorenzo Sonego,44,10769,0.9811315285376054,True,7795,0.83107511921805,0.9746053088831558,0.1472700675410679,0,True,10769,28,0.0026000557154796,True,,False,1869,1785,0.4521134296415195,0.4661064425770308,0.0139930129355113,True,0.1471375066880685,0.1450980392156863,-0.0020394674723822,True,974,958,2.063655030800821,2.0302713987473906,-0.0333836320534306,True,0.6439574825560287,-0.023530120159498957,True,-0.0050980515905991175,True,948,946,923,927,-0.013863435314539374,True,-0.0003429211769519491,True,-0.007407407407407418,True,-0.0021153670653260015,True,-0.023280423280423235,True,-0.002209063727501903,True,-0.022590243520476005,True,-0.004342753435312374,True,0.9560488584642923
Fernando Verdasco,44,13938,0.9770817860015084,True,10606,0.7814917956294942,0.9610655109239818,0.1868485688575411,0,True,13938,43,0.0030850911178074,True,,False,2032,2082,0.4493110236220472,0.4865513928914505,0.0372403692694033,True,0.0590551181102362,0.0686839577329491,0.0096288396227128,True,1229,1272,2.0382424735557363,2.016509433962264,-0.0217330395934722,True,0.6439574825560287,0.049812030075187974,True,-0.04307833405265432,True,1064,1064,1008,993,0.04615349612164321,True,-0.02799238407547011,True,0.03814906985774302,True,-0.05184428788373152,True,0.04882629107981229,True,-0.04531722054380666,True,0.0503653499947051,True,-0.04067114561907659,True,0.9616476227589547
Michael Stich,44,10725,0.9927557776521396,True,6744,0.7947233312489071,0.9882056112256437,0.1957915212976435,0,True,10725,68,0.0063403263403263,True,,False,2329,2326,0.3933018462859596,0.4049871023215821,0.0116852560356224,True,0.7243452125375698,0.7119518486672399,-0.0123933638703298,True,1260,1360,1.7753968253968253,1.7463235294117647,-0.0290732959850605,True,0.6439574825560287,0.026965265668684957,True,-0.02084115839858236,True,1251,1246,1251,1245,0.006425702811244993,True,-0.014183217621690614,True,0.03373493975903619,True,-0.02110710884776218,True,0.023408288085518203,True,-0.019527669619939236,True,0.023425338875374346,True,-0.02112614415850045,True,0.9714172585390932
Marton Fucsovics,42,15072,0.9777683066654512,True,11690,0.8120647569226733,0.9772239847726792,0.1690085696048741,0,True,15072,65,0.0043126326963906,True,,False,1723,1890,0.4178757980266976,0.4883597883597884,0.0704839903330907,True,0.1027278003482298,0.1,-0.0027278003482298,True,1261,1308,2.091197462331483,2.0970948012232418,0.0058973388917586,True,0.6439574825560287,-0.006862122738500953,True,0.0002286098793975455,True,932,933,968,958,0.014183368388817619,True,0.014203426063597036,True,-0.009011495521852542,True,-0.00415368639667707,True,-0.0036366043748830013,True,0.005312426156084127,True,-0.0012861736334405238,True,0.0026515246790921876,True,1.0108447199655972
Pablo Carreno Busta,42,12393,0.9658239646907756,True,9757,0.7804546639675469,0.95548178942529,0.1831820631170998,0,True,12393,26,0.0020979585249737,True,,False,1657,1724,0.404345202172601,0.4402552204176334,0.0359100182450323,True,0.0718165359082679,0.0713457076566125,-0.0004708282516554,True,912,902,2.083333333333333,2.0399113082039912,-0.0434220251293422,True,0.6439574825560287,0.0053192054810539124,True,0.04219585440065321,True,867,868,869,871,-0.003012400406082638,True,0.05791304577860662,True,0.0034602076124568004,True,0.04073457333165764,True,0.0044266793938670945,True,0.046892648618372446,True,0.003904028404530635,True,0.043478260869565244,True,1.0340418505312923
Francisco Cerundolo,42,12486,0.9617596040921024,True,9686,0.782073549453252,0.9471509157011938,0.1742883457233759,0,True,12486,46,0.0036841262213679,True,,False,1546,1720,0.4133247089262613,0.4680232558139535,0.0546985468876921,True,0.0498059508408796,0.0581395348837209,0.0083335840428412,True,999,961,2.038038038038038,2.0676378772112383,0.0295998391732004,True,0.6439574825560287,-0.011072173308619093,True,0.0026941648159932163,True,832,830,841,839,-0.007707363751032981,True,0.0058094599070825925,True,-0.016592330861909144,True,-0.0055697527806547464,True,-0.007931537999815275,True,-0.001861167002012054,True,-0.005996670744670141,True,-0.001811234757566671,True,1.0062667641533185
Dusan Lajovic,42,10390,0.9746501753099212,True,8159,0.809358525391938,0.9719336405090152,0.1672697685738446,0,True,10390,77,0.0074109720885466,True,,False,1399,1417,0.4832022873481058,0.5264643613267467,0.0432620739786409,True,0.0743388134381701,0.086803105151729,0.0124642917135588,True,732,697,2.0956284153005464,2.133428981348637,0.0378005660480904,True,0.6439574825560287,0.015422275682530184,True,0.02329191915497192,True,727,717,701,702,0.019568007458864112,True,0.03083603896103898,True,0.026681794890564325,True,0.00430339948909414,True,0.017736894362905153,True,0.020929284695333172,True,0.01737436203963405,True,0.0237588652482269,True,1.0403026776457664
Yoshihito Nishioka,41,11042,0.973826587100166,True,8877,0.8143732373627384,0.9743937158573632,0.1642256881283595,0,True,11042,31,0.0028074624162289,True,,False,1476,1612,0.3529810298102981,0.401985111662531,0.0490040818522329,True,0.070460704607046,0.0732009925558312,0.0027402879487851,True,731,677,1.9740082079343368,2.0044313146233383,0.0304231066890017,True,0.6439574825560287,0.038524971522998164,True,0.05213519068280431,True,790,789,754,755,0.04338465092698962,True,0.058355437665782495,True,0.04689480354879594,True,0.05429962757548967,True,0.03751938134115662,True,0.05850470547229003,True,0.03807106598984766,True,0.057380040138660826,True,1.1010537496086255
Tommy Haas,41,12295,0.9777815980071102,True,9382,0.7762157638576034,0.9665080794012066,0.1968864198853852,0,True,12295,116,0.0094347295648637,True,,False,1893,1871,0.4025356576862123,0.4339925173703902,0.0314568596841778,True,0.132593766508188,0.13148049171566,-0.0011132747925279,True,1177,1102,1.9804587935429057,1.970961887477314,-0.0094969060655916,True,0.6439574825560287,0.020513143529016564,True,0.039792922625257354,True,980,972,916,946,0.02198452877909307,True,0.06630434782608696,True,0.024507755618866645,True,0.037077426390403456,True,0.017202940943948142,True,0.045163964627855546,True,0.02336943631907662,True,0.048041181505845354,True,1.0286005913082035
Brandon Nakashima,40,11496,0.9739277459217588,True,8842,0.7820817118088859,0.9684695068073996,0.1924560284948454,0,True,11496,47,0.0040883785664578,True,,False,1828,1570,0.4945295404814004,0.4968152866242038,0.0022857461428033,True,0.0924507658643326,0.1044585987261146,0.012007832861782,True,955,1011,2.18848167539267,2.2294757665677545,0.0409940911750843,True,0.6439574825560287,-0.039200347674923974,True,-0.06414662084765177,True,885,884,873,873,-0.0382702005839306,True,-0.04422974963181148,True,-0.042986425339366474,True,-0.04599974256058603,True,-0.03534687417567928,True,-0.05758512265811788,True,-0.0387101028752308,True,-0.06529209621993126,True,0.9107845053898841
