player,charted_matches
Roger Federer,723
Novak Djokovic,553
Rafael Nadal,425
Hubert Hurkacz,320
Jannik Sinner,298
Daniil Medvedev,286
Andy Murray,257
Pete Sampras,237
Carlos Alcaraz,222
Andre Agassi,215
Stefanos Tsitsipas,200
Alexander Zverev,196
Stefan Edberg,193
Dominic Thiem,183
Andrey Rublev,176
Grigor Dimitrov,174
Casper Ruud,171
Boris Becker,155
Juan Martin Del Potro,153
Alex De Minaur,140
Stan Wawrinka,138
Gael Monfils,134
Lleyton Hewitt,131
Taylor Fritz,128
Ivan Lendl,128
Lorenzo Musetti,125
Nick Kyrgios,118
Tallon Griekspoor,116
Andy Roddick,114
Botic Van De Zandschulp,111
Felix Auger Aliassime,102
Alexander Bublik,99
Richard Gasquet,95
Matteo Berrettini,94
Denis Shapovalov,90
John Isner,87
Tomas Berdych,86
Marin Cilic,84
Milos Raonic,82
Jo Wilfried Tsonga,82
Marat Safin,82
Karen Khachanov,80
Roberto Bautista Agut,79
Tommy Paul,77
David Goffin,75
David Ferrer,74
Kei Nishikori,72
Arthur Fils,70
Adrian Mannarino,70
Nikolay Davydenko,68
Frances Tiafoe,66
Holger Rune,66
John Mcenroe,66
Yevgeny Kafelnikov,64
Jiri Lehecka,61
Ugo Humbert,58
Reilly Opelka,57
Gilles Simon,57
Alejandro Davidovich Fokina,56
Gustavo Kuerten,56
Goran Ivanisevic,56
Joao Fonseca,53
Feliciano Lopez,53
Patrick Rafter,53
Borna Coric,52
Sebastian Baez,50
Sebastian Korda,49
Diego Schwartzman,49
Fernando Gonzalez,49
Miomir Kecmanovic,48
Cameron Norrie,48
Nicolas Jarry,48
Fabio Fognini,47
Jan Lennard Struff,47
Benoit Paire,47
David Nalbandian,47
Jim Courier,47
Robin Haase,46
Karim Mohamed Maamoun,46
Ivo Karlovic,45
Ben Shelton,44
Lorenzo Sonego,44
Fernando Verdasco,44
Michael Stich,44
Marton Fucsovics,42
Pablo Carreno Busta,42
Francisco Cerundolo,42
Dusan Lajovic,42
Yoshihito Nishioka,41
Tommy Haas,41
Brandon Nakashima,40
