player,serve_clutch_p65,serve_clutch_p65_sufficient,return_clutch_p65,return_clutch_p65_sufficient,n_serve_high_leverage,n_serve_low_leverage,n_return_high_leverage,n_return_low_leverage,serve_clutch_p60,serve_clutch_p60_sufficient,return_clutch_p60,return_clutch_p60_sufficient,serve_clutch_p70,serve_clutch_p70_sufficient,return_clutch_p70,return_clutch_p70_sufficient,serve_clutch_tiered,serve_clutch_tiered_sufficient,return_clutch_tiered,return_clutch_tiered_sufficient,blr_combined
Roger Federer,-0.007357278555244151,True,-0.026388395164973433,True,15364,15150,16360,16232,-0.010921437356915642,True,-0.02731518869469801,True,-0.003315207880341342,True,-0.02313151820453907,True,-0.007345275501877024,True,-0.026278009595495144,True,0.9579643190963371
Novak Djokovic,-0.014152964297754589,True,-0.02056161186850597,True,11548,11605,11932,11936,-0.01744030726884016,True,-0.016433655558518057,True,-0.010706465660326847,True,-0.01978563644389486,True,-0.01478632066251162,True,-0.02120652395406697,True,0.9513339834354698
Rafael Nadal,-0.0082080504762444,True,-0.010984346278692714,True,8687,8667,9067,9083,-0.01383914060238245,True,-0.004003370048833221,True,-0.00249495735395433,True,-0.0119143667148508,True,-0.007199179852341642,True,-0.01158812493102307,True,1.001263380206247
Hubert Hurkacz,0.010572051141037542,True,-0.013043666545693666,True,6771,6682,6831,6842,0.01550661367504913,True,-0.006123330143184391,True,0.009585143028306042,True,-0.015611913434053049,True,0.009124281009755042,True,-0.012164472257445158,True,0.941907108334531
Jannik Sinner,-0.0029992828193258214,True,-0.009312534858091026,True,5773,5774,6170,6181,-0.011278187194646572,True,-0.011022117492567207,True,-0.0010120079511145574,True,-0.006263068603201083,True,-0.007393774416409871,True,-0.011226087664916007,True,0.9963462260777736
Daniil Medvedev,-0.00333135284350472,True,-0.003357513646496446,True,5670,5637,5785,5789,-0.008834189559975725,True,-0.0059094164004716565,True,-0.004802212255936356,True,-0.003363887928052589,True,-0.003926306703327831,True,-0.003558221893183444,True,1.0225154118322837
Andy Murray,-0.00475824420165849,True,-0.008538573959464058,True,5534,5510,5607,5579,-0.004328275551128136,True,-0.00039797980952599454,True,-0.008687521761142847,True,-0.01882442358938713,True,-0.005721040624080076,True,-0.008331292786988576,True,0.9975726033664121
Pete Sampras,0.002825577843396765,True,-0.024200369773799968,True,5635,5612,5775,5781,-0.003508962332468224,True,-0.02614275196278787,True,0.004195686865692383,True,-0.02820101944993414,True,0.0019950414015229567,True,-0.023628397429850234,True,0.9601057022689374
Carlos Alcaraz,0.002400037939022326,True,0.007773319098388576,True,4443,4447,4820,4831,-0.0037551074491150027,True,0.013503432428335016,True,0.0025388990518145915,True,-0.001540746300714102,True,0.0020321634398922095,True,0.009349741452857163,True,1.0304012415050818
Andre Agassi,0.009538468790608934,True,-0.005379955490606991,True,5209,5221,5433,5386,0.006166869014263554,True,-0.008581554284495418,True,0.008067614291202396,True,-0.003979894217790214,True,0.010087252560554538,True,-0.005460658556843856,True,1.02299865587067
Stefanos Tsitsipas,-0.014258655312352375,True,-0.01184438128484272,True,4233,4203,4104,4111,-0.022558112291858445,True,-0.007194326752114066,True,-0.007828505092882687,True,-0.015605095015679915,True,-0.015940932609083247,True,-0.01044302547653908,True,0.9437836586290577
Alexander Zverev,0.003960415725121624,True,0.010738612783551482,True,3996,3927,4072,4057,-0.0031663756693750544,True,0.01086253208839022,True,0.006728197086259158,True,0.0025763180241511474,True,0.00408875504820605,True,0.012251729915947085,True,1.0387637920375208
Stefan Edberg,-0.0035344886460157987,True,-0.003077820228574446,True,4588,4583,4672,4671,-0.004193787280419303,True,0.003633452555008354,True,-0.0017619058072825267,True,-0.007464605960788129,True,-0.0036591054968940773,True,-0.002268800762326606,True,0.9987783064629375
Dominic Thiem,0.01431110319700124,True,0.0024031288184707678,True,3783,3830,3758,3747,0.004991217383913615,True,0.004912677125165743,True,0.012793832614429457,True,0.004803843074459524,True,0.00882834244542241,True,0.0019178811421560749,True,1.0405357452499016
Andrey Rublev,-0.015097786943204516,True,0.0029187039328519293,True,3297,3266,3586,3430,-0.031132465438140744,True,0.007814436940741187,True,-0.007200746549484216,True,0.0017487612940833563,True,-0.01546396732547528,True,0.0043919402600246515,True,0.9951638150821507
Grigor Dimitrov,-0.01635069181579496,True,-0.01632934047917578,True,3430,3439,3468,3469,-0.01818459146865803,True,-0.013390365633919599,True,-0.012670528984397578,True,-0.01701910241147464,True,-0.015533865558471915,True,-0.013216121945365034,True,0.9447306054906002
Casper Ruud,0.018966357053706195,True,-0.024941801963007604,True,3266,3275,3267,3271,0.020624831096297647,True,-0.013637976963662701,True,0.01803203228709871,True,-0.026025874548386008,True,0.01881946885745267,True,-0.023393698925684547,True,0.9498076666431454
Boris Becker,0.0012291399005118775,True,-0.002118638006162743,True,4062,4009,4116,4076,0.0014767214877996482,True,0.00678126595460643,True,-0.0005030830548777843,True,-0.0056630332385188,True,0.0020139010501271093,True,-0.003051852500466745,True,1.0170931610682463
Juan Martin Del Potro,0.026363457687261338,True,0.021583166864742043,True,3276,3218,3229,3231,0.02418114360490109,True,0.02135766069877082,True,0.02401048008765927,True,0.028765822573203426,True,0.028067911413562796,True,0.022304832713754663,True,1.084253055108584
Alex De Minaur,-0.0002812032222802019,True,-0.01176536303812209,True,2723,2736,2804,2822,-0.015028540282697844,True,-0.015062551365172094,True,0.006930795005082868,True,-0.010252821200301687,True,-0.002591994765493655,True,-0.012304532803574908,True,1.0142400668177478
Stan Wawrinka,-0.018706457397679843,True,0.02039917624610088,True,3172,3099,3127,3159,-0.02185079508836385,True,0.021304078563213313,True,-0.010285481749812253,True,0.021517733306915032,True,-0.020772644404507767,True,0.020975443713661834,True,0.9990722301087162
Gael Monfils,0.025805639275882863,True,-0.0024736493516927527,True,3014,2917,2851,2864,0.01276622312851916,True,0.00754434643941565,True,0.021978099706388088,True,-0.015696956275682183,True,0.023133116883116922,True,-0.0018027192060066088,True,1.0234068475942983
Lleyton Hewitt,-0.027347765291281467,True,-0.013971004133616682,True,3105,3099,3189,3185,-0.022243013917820353,True,-0.00730275744718506,True,-0.024956024535800814,True,-0.017783333537975066,True,-0.026491193350484776,True,-0.010763236624226014,True,0.9977692937094806
Taylor Fritz,-0.033707696167468826,True,-0.018808426048893434,True,2593,2564,2647,2639,-0.036367663671468375,True,-0.015863474198957783,True,-0.018214925382037617,True,-0.015536044197548005,True,-0.03216795221430224,True,-0.019062904308805972,True,0.9266688591650637
Ivan Lendl,0.009674005420206133,True,-0.019543055163799006,True,3138,3137,3243,3237,-0.0024581414783887423,True,-0.017543623237840145,True,0.019868245579845567,True,-0.01643050007938135,True,0.008571798668028041,True,-0.01866691950136934,True,1.0235417107528433
Lorenzo Musetti,0.03139757003214838,True,0.009675894009298025,True,2546,2541,2616,2595,0.030238522198213436,True,0.013960602620719298,True,0.03578158571378254,True,0.004816586865051875,True,0.0353607903748826,True,0.01086270486022961,True,1.0286395068847047
Nick Kyrgios,0.006669811311977636,True,-0.01019150613300096,True,2541,2538,2524,2487,0.006297969928996672,True,-0.01222389983781863,True,0.005981635984898759,True,-0.007857888875202723,True,0.008548532576459489,True,-0.008612522526141697,True,1.0753191910573763
Tallon Griekspoor,0.019137807725780442,True,0.013771394675199278,True,2529,2478,2381,2425,0.023040602939160326,True,0.028055982117477674,True,0.02048411720993648,True,0.0021754004315713837,True,0.018905296758312096,True,0.017538939510832185,True,1.0345156526712964
Andy Roddick,-0.0028204703933062403,True,-0.023653514974791123,True,2666,2684,2746,2782,-0.0025512941584100446,True,-0.02073666121123735,True,-0.0024082026467868722,True,-0.02192279061332253,True,-0.003370786516853852,True,-0.02341010830629542,True,0.9410831867639271
Botic Van De Zandschulp,0.00444426897979211,True,0.013245797839198048,True,2392,2372,2387,2438,-0.005499749814168231,True,0.019370221423916367,True,0.0033294089349689138,True,0.007363915493280193,True,0.002230961615136473,True,0.011835589132022206,True,1.0340343608447093
Felix Auger Aliassime,0.012272620911180532,True,-0.0218852910772504,True,2013,1985,2102,2082,0.008743202318334253,True,-0.016883246976563515,True,0.012446161689664392,True,-0.0219759990067237,True,0.012019024056243666,True,-0.016992665036674792,True,0.9940695604451549
Alexander Bublik,0.07841951374490563,True,0.020314248739490337,True,1871,1938,1759,1755,0.0812245543302107,True,0.03351818376788507,True,0.07326203208556159,True,0.025712359602353907,True,0.07924856150582893,True,0.02106284099633393,True,1.062429796509727
Richard Gasquet,-0.0040358539625237055,True,0.003970419564895689,True,1939,1920,1864,1856,-0.008783960361400833,True,0.0030942947110364494,True,0.0016889110484242797,True,-0.0007273864630100713,True,-0.006286371786821676,True,0.0010894498334965141,True,0.9764512679214378
Matteo Berrettini,0.034922726366114376,True,0.024636623796758184,True,1869,1859,1880,1881,0.025932653580368226,True,0.02147555682512481,True,0.033577480921297864,True,0.010472712425713349,True,0.031216612317656045,True,0.018528379373309978,True,1.1271874815381104
Denis Shapovalov,-0.043010752688172005,True,-0.030135191299729858,True,1860,1860,1840,1883,-0.04000355696019853,True,-0.018563522306037306,True,-0.04654013672156676,True,-0.035381036189475856,True,-0.041374755142871034,True,-0.02918835003683734,True,0.9662189220228851
John Isner,0.05210255193597324,True,-0.014254885649872817,True,1990,1991,1935,1929,0.05167662692454533,True,-0.017977459072818502,True,0.04639518072167703,True,-0.0016508956583341505,True,0.053349163399414756,True,-0.013867826513425774,True,1.001256239477112
Tomas Berdych,-0.01721265963353691,True,-0.03312324929971994,True,1801,1801,1736,1785,-0.017896611218913394,True,-0.028716813545116793,True,-0.024560663072073163,True,-0.032007446298895514,True,-0.017600685882588785,True,-0.03555399171162721,True,0.9560081757761699
Marin Cilic,-0.023468370031061725,True,0.009895903374859016,True,1915,1877,1853,1854,-0.030398769376405066,True,0.021735353480056674,True,-0.02193791730195549,True,0.006966299506463047,True,-0.020340421283817522,True,0.01294440817914827,True,0.9723258556182576
Milos Raonic,-0.027732594550623713,True,-0.01622291045523533,True,1741,1749,1766,1764,-0.02842110463392955,True,-0.017201973277042037,True,-0.015177548682703379,True,-0.02191088197267238,True,-0.028536160942117972,True,-0.016803399294045507,True,0.9479517772226708
Jo Wilfried Tsonga,0.042693901967739034,True,-0.006208669848878523,True,1733,1744,1730,1722,0.041208945028611055,True,0.0064873579101482615,True,0.03806869278826974,True,-0.009691613566567892,True,0.03978653166142565,True,-0.006045551642804237,True,1.0367324439576298
Marat Safin,0.005754415868718832,True,-0.016171091246983238,True,2196,2180,2180,2182,0.0041614314555505905,True,-0.021429301206514317,True,0.01485561760335219,True,-0.014293835244129638,True,0.003021477395944383,True,-0.01697247706422017,True,1.0080634423665447
Karen Khachanov,-0.018999368829178187,True,0.00742226509640781,True,1623,1640,1648,1643,-0.03354315656392559,True,-0.0006199140851465001,True,-0.012483300985556944,True,0.01843886542765255,True,-0.019159741197296798,True,0.005336862715588142,True,1.0128330043528153
Roberto Bautista Agut,-0.012553228621291379,True,-0.022857906638956427,True,1528,1500,1519,1517,-0.016687591407496205,True,-0.01969796454366385,True,0.00302648248679549,True,-0.013555769653330607,True,-0.008994985829518187,True,-0.020884658964910707,True,0.9464131650148433
Tommy Paul,-0.005726801275129367,True,-0.016919135693464482,True,1637,1657,1677,1631,-0.018072476109376456,True,-0.006163693541172077,True,-0.0012330456226880004,True,-0.021638548628757748,True,-0.010149944394594823,True,-0.013939854735953938,True,0.9883282863989309
David Goffin,0.01503143848471522,True,0.015831689100382407,True,1589,1582,1606,1588,0.00403149245229617,True,0.02659978012930414,True,0.015134019800408738,True,0.012858235035436982,True,0.010495597540425616,True,0.017604988079955974,True,1.046714184761098
David Ferrer,-0.035643564356435564,True,-0.011602031918458489,True,1515,1515,1487,1463,-0.04234913558130837,True,0.018174974907995967,True,-0.01800164144582883,True,-0.013335242319673757,True,-0.03749181394382306,True,-0.005898720492793497,True,0.9750987464687653
Kei Nishikori,0.05845237811789217,True,0.04259349663973283,True,1483,1501,1490,1471,0.03838543835194874,True,0.05783559859789128,True,0.043932593676516585,True,0.040927679000154926,True,0.05672564914271072,True,0.04303564942865923,True,1.0865205042641608
Arthur Fils,0.03791978204103197,True,0.019054225077881626,True,1343,1302,1280,1284,0.024289952746829435,True,0.030765039942676764,True,0.037634408602150504,True,0.012793044276875498,True,0.03861544035626763,True,0.020025858704137423,True,1.043060162803605
Adrian Mannarino,0.01996484435180146,True,0.003901387408694279,True,1462,1474,1437,1430,0.03388772889816882,True,0.0023849392202697217,True,0.036141037131649956,True,-0.003009254896047364,True,0.024126415098664422,True,0.006266866420390482,True,1.0358287715063856
Nikolay Davydenko,0.045409752233705025,True,-0.01788791271625828,True,1438,1417,1446,1432,0.036870353850728566,True,-0.02316935867168446,True,0.04520353443354985,True,-0.02086678599314351,True,0.042771283849600605,True,-0.019563330082592145,True,1.0591592181001515
Frances Tiafoe,0.007738612078315832,True,-0.02072675965570947,True,1017,1009,1009,1015,0.008891939689108508,True,-0.025377368245464438,True,0.012549161439058154,True,-0.02815732592249498,True,0.009692586321831675,True,-0.025820301185946748,True,1.0503848033969931
Holger Rune,0.03505951424276521,True,0.039087239137164775,True,1465,1444,1389,1393,0.034698126301179744,True,0.037754798259678146,True,0.04669976707354695,True,0.03022224860160827,True,0.03425633878461276,True,0.035720044653932026,True,1.0704691851199535
John Mcenroe,-0.030506286675371586,True,0.010587140358069513,True,1786,1807,1777,1768,-0.03284107001135994,True,0.02102749676330362,True,-0.014485686761890104,True,-0.0022611644997173053,True,-0.028758000665951355,True,0.010381149459392391,True,0.9722811651904338
Yevgeny Kafelnikov,-0.004707786237081124,True,0.01881984048013191,True,1539,1537,1489,1495,-0.0006501950585174887,True,0.01608083947158523,True,-0.008570747251906097,True,0.018524337884210318,True,-0.006610481638228527,True,0.01657562041517091,True,0.9573287123499247
Jiri Lehecka,0.0347722322025219,True,0.03955375253549692,True,1085,1062,986,986,0.020006974376632125,True,0.03803603629419339,True,0.04754553198940037,True,0.02706578974327456,True,0.03204524033930256,True,0.04462474645030423,True,1.0533346653985893
Ugo Humbert,-0.04196589834007047,True,0.009615384615384637,True,1056,1057,1040,1040,-0.05210285848172447,True,0.03179011200949483,True,-0.030274361400189242,True,-0.00895263980936778,True,-0.045480339200658304,True,0.01642240737985423,True,0.9359461093930032
Reilly Opelka,0.06494981950382761,True,0.013742554481577907,True,1124,1112,1058,1060,0.057255812600593425,True,0.002438533752522176,True,0.05467186843376215,True,0.008257539921447177,True,0.0633904461874758,True,0.014097157138394267,True,0.985330650640736
Gilles Simon,-0.012139501743978931,True,0.004785292301661859,True,1204,1203,1207,1209,-0.022981480724418413,True,0.00844956522748802,True,-0.007795591458623408,True,-0.006136397674513572,True,-0.01099174232775979,True,0.005497609096702272,True,1.0057702812965303
Alejandro Davidovich Fokina,0.013342630744849426,True,0.0035376219453298607,True,1262,1250,1218,1224,0.005119744204636345,True,0.003828869191216,True,0.0030958168902920358,True,-0.015458843964103075,True,0.013277058353317384,True,0.00479839445356689,True,1.0269799685153107
Gustavo Kuerten,0.023006885063004856,True,5.7590307313282185e-05,True,1446,1448,1448,1451,0.017265193370165743,True,0.009412568774807561,True,0.030350019615760226,True,0.0011335130408885452,True,0.026908892422336628,True,0.003455425017277136,True,1.0342312365775272
Goran Ivanisevic,0.023294428576118742,True,0.0001534048513567865,True,1560,1562,1568,1559,0.01267460407746357,True,-0.006795045230120256,True,0.03914919902475744,True,-0.0047551223643768625,True,0.024148721233922976,True,9.522655262567126e-05,True,1.0781673229483668
Joao Fonseca,0.0004091400339664153,True,0.016725506605406615,True,1020,1016,1047,1034,-0.014759610215710595,True,0.00810269778058148,True,-0.009593187145781945,True,0.0075068158567089815,True,0.002037002941902344,True,0.01584072567198025,True,1.0195558004238259
Feliciano Lopez,0.008266129763653818,True,-0.005291005291005291,True,1175,1173,1127,1134,0.023896448722203867,True,0.007628546704923245,True,0.01464874370189262,True,-0.017752169061932777,True,0.010819321253015546,True,-0.006960513196756779,True,0.9958641287882816
Patrick Rafter,0.011380657182785692,True,-0.014638071288317567,True,1298,1290,1276,1274,0.007249589214037622,True,-0.007598551433497858,True,0.026120660599932566,True,-0.007312085115516065,True,0.011859722605732204,True,-0.013408422265004771,True,0.9720781170828751
Borna Coric,0.04170989383407686,True,0.03370264164059783,True,972,952,959,960,0.03353627212014554,True,0.03455784989360311,True,0.05871016293380915,True,0.028173981191222552,True,0.04167107094410094,True,0.03448275862068967,True,1.0882320692538068
Sebastian Baez,-0.010194226706601528,True,0.016876337656174745,True,869,871,913,914,0.0014851680688865443,True,0.012457346028109828,True,-0.012600229095074411,True,0.0069372364047247115,True,-0.009542963512581104,True,0.012297270692035345,True,1.0125147119376074
Sebastian Korda,0.03751143641354071,True,0.004608294930875556,True,1093,1093,1085,1085,0.02671177572508232,True,0.00733272227314391,True,0.02383616088890661,True,0.016201211447249786,True,0.0361470234015796,True,0.008015466895000434,True,1.0256214020974024
Diego Schwartzman,0.05344295991778003,True,-0.0025179282868526,True,973,973,1004,1000,0.05027510923837086,True,-0.010389803060969871,True,0.05870236869207013,True,0.001710144927536239,True,0.05681498571510135,True,-0.004260977395305732,True,1.0505727970966112
Fernando Gonzalez,-0.008091992066931897,True,0.048500113709016524,True,1230,1238,1182,1183,0.0003048759647000798,True,0.03559697990871474,True,-0.00801259626960893,True,0.0476540900203532,True,0.000401389131846841,True,0.04822335025380714,True,1.0684690684221292
Miomir Kecmanovic,-0.008645173998950817,True,-0.01214035377919298,True,998,997,982,985,-0.01807228915662651,True,0.0018903007165415042,True,-0.007772064943579515,True,-0.020498641559865416,True,-0.008032128514056214,True,-0.01394615269981625,True,1.0033011532749725
Cameron Norrie,0.021338511764043666,True,-0.0154209360625015,True,940,945,905,908,0.013277645360914914,True,-0.012844357734177636,True,0.028566820115784375,True,-0.026262194687744822,True,0.021164021164021163,True,-0.018731227155936725,True,1.031491652385859
Nicolas Jarry,-0.042106855171547,True,0.029882604055496254,True,977,961,937,937,-0.051231010774579144,True,0.02521245267621608,True,-0.04379028456353096,True,0.03324687884649197,True,-0.041971255044155886,True,0.027748132337246545,True,0.9912372193111095
Fabio Fognini,0.0694131293089626,True,0.020737327188940113,True,896,891,868,868,0.03538071829855538,True,0.015582838640043173,True,0.0633276484751204,True,0.015279934821905983,True,0.06895421127630863,True,0.0201718598063671,True,1.068129137934507
Jan Lennard Struff,0.05999558624168477,True,-0.018327798783494997,True,873,872,875,869,0.05591057682168099,True,-0.021662385794541605,True,0.06047800377697288,True,-0.018201338890994012,True,0.05777398544458301,True,-0.01685297509971606,True,1.043109672165556
Benoit Paire,0.04291544387380786,True,-0.018797281187714066,True,940,928,919,921,0.0535742403696331,True,-0.006229129206267614,True,0.04539909632353545,True,-0.0164473684210526,True,0.036719943817250744,True,-0.014072175728509828,True,1.0501044812208795
David Nalbandian,0.04822197212020696,True,0.019891500904159143,True,1104,1101,1106,1106,0.04218927327515354,True,0.040220243472275985,True,0.04727480270343509,True,0.017730947465912694,True,0.044504995458673924,True,0.02238261800863628,True,1.0674625151994939
Jim Courier,0.013847933584357763,True,-0.04696197279955444,True,1316,1340,1335,1318,0.002971722116987263,True,-0.04508002000500122,True,0.018913209787734475,True,-0.0486466104297249,True,0.010372115126345616,True,-0.04010837302409054,True,0.9370552712186828
Robin Haase,-0.05005280157312275,True,0.02040816326530609,True,943,961,931,931,-0.04547130182294801,True,0.024622967636282522,True,-0.036566252984163494,True,0.007642740401361092,True,-0.048245436652376794,True,0.02010077637318597,True,0.9876521638117207
Karim Mohamed Maamoun,0.02641054817596533,True,-0.0067240300375469575,True,814,827,800,799,0.01251093891950017,True,-0.0010583760031396272,True,0.04022012147782794,True,0.011889083022520341,True,0.025019704080535887,True,-0.0021658316808896294,True,1.0307105037341406
Ivo Karlovic,0.023579503743943575,True,0.036139703207972634,True,980,973,944,932,0.01411149825783975,True,0.034078807241746556,True,0.03182686455259798,True,0.0389171795927043,True,0.026604661917822292,True,0.036183983550225646,True,1.057949035272939
Ben Shelton,-0.03548196769673273,True,-0.000815379522548898,True,1043,1040,1021,1003,-0.0464743300956878,True,-0.0006251088005823635,True,-0.037099283595050214,True,-0.02222749213218911,True,-0.03749330428072084,True,0.002389468587314203,True,0.924681910197968
Lorenzo Sonego,-0.023530120159498957,True,-0.0050980515905991175,True,948,946,923,927,-0.014436581093164591,True,-0.0003429211769519491,True,-0.007407407407407418,True,-0.0017220364628086626,True,-0.023280423280423235,True,-0.002209063727501903,True,0.9560488584642922
Fernando Verdasco,0.04971383683088315,True,-0.04307833405265432,True,1072,1064,1008,993,0.04615349612164321,True,-0.02799238407547011,True,0.04121205804050332,True,-0.0516662862817171,True,0.04848741572240467,True,-0.04664239211705273,True,0.9616476227589549
Michael Stich,0.028238132725358023,True,-0.02180557673732908,True,1256,1246,1264,1245,0.006425702811244993,True,-0.014183217621690614,True,0.03373493975903619,True,-0.02110710884776218,True,0.023740493668320428,True,-0.01978810139519438,True,0.971417258539093
Marton Fucsovics,-0.008734411949846033,True,0.0002286098793975455,True,945,933,968,958,0.014183368388817619,True,0.014203426063597036,True,-0.009011495521852542,True,-0.00415368639667707,True,-0.0025705062938595757,True,0.0030727751492325983,True,1.0108447199655972
Pablo Carreno Busta,0.006023176887352877,True,0.043334950228859526,True,867,869,869,892,-0.003012400406082638,True,0.05650312843216665,True,0.0034602076124568004,True,0.04018974145120935,True,0.0044266793938670945,True,0.047911637773388915,True,1.0340418505312923
Francisco Cerundolo,-0.011072173308619093,True,0.0026941648159932163,True,832,830,841,839,-0.007707363751032981,True,0.0058094599070825925,True,-0.01610808340275849,True,-0.0055697527806547464,True,-0.0028554705701848704,True,-0.0016171123948876542,True,1.0062667641533183
Dusan Lajovic,0.015422275682530184,True,0.024637399637399637,True,727,717,704,702,0.019568007458864112,True,0.03083603896103898,True,0.028856653524753084,True,0.00430339948909414,True,0.016416835591592904,True,0.020929284695333172,True,1.0403026776457664
Yoshihito Nishioka,0.038524971522998164,True,0.05213519068280431,True,790,789,754,755,0.04338465092698962,True,0.056824464557910404,True,0.04736829519095109,True,0.05429962757548967,True,0.03751938134115662,True,0.05850470547229003,True,1.1010537496086257
Tommy Haas,0.020513143529016564,True,0.039792922625257354,True,980,972,916,946,0.020781616465069597,True,0.06630434782608696,True,0.024507755618866645,True,0.03793164096851731,True,0.017202940943948142,True,0.045163964627855546,True,1.0286005913082037
Brandon Nakashima,-0.039200347674923974,True,-0.06373902034332807,True,885,884,873,874,-0.0382702005839306,True,-0.04422974963181148,True,-0.042986425339366474,True,-0.04599974256058603,True,-0.03534687417567928,True,-0.05725067952472396,True,0.910784505389884
