player,p_empirical,serve_clutch_p65,serve_clutch_p65_sufficient,return_clutch_p65,return_clutch_p65_sufficient,n_serve_high_leverage,n_serve_low_leverage,n_return_high_leverage,n_return_low_leverage,serve_clutch_p60,serve_clutch_p60_sufficient,return_clutch_p60,return_clutch_p60_sufficient,serve_clutch_p70,serve_clutch_p70_sufficient,return_clutch_p70,return_clutch_p70_sufficient,serve_clutch_tiered,serve_clutch_tiered_sufficient,return_clutch_tiered,return_clutch_tiered_sufficient,serve_clutch_empirical,serve_clutch_empirical_sufficient,return_clutch_empirical,return_clutch_empirical_sufficient,blr_combined
Roger Federer,0.6439574825560287,-0.007357278555244151,True,-0.026736185031053683,True,15364,15150,16224,16232,-0.010921437356915642,True,-0.02731518869469801,True,-0.003315207880341342,True,-0.023553023448258548,True,-0.007345275501877024,True,-0.02616268827942586,True,-0.0071894880789583615,True,-0.027024994067652297,True,0.9579643190963371
Novak Djokovic,0.6439574825560287,-0.014152964297754589,True,-0.020348892648203887,True,11548,11605,11932,11918,-0.01676478745129506,True,-0.016433655558518057,True,-0.010706465660326847,True,-0.019606753134927823,True,-0.01478632066251162,True,-0.021216978961962896,True,-0.014763894390282362,True,-0.020817972713236932,True,0.9513339834354697
Rafael Nadal,0.6439574825560287,-0.0082080504762444,True,-0.010984346278692714,True,8687,8667,9067,9083,-0.01383914060238245,True,-0.004334179460385168,True,-0.0026083417891372696,True,-0.0119143667148508,True,-0.007618098018460473,True,-0.011545076015322175,True,-0.007450429411493209,True,-0.01081438005879587,True,1.001263380206247
Hubert Hurkacz,0.6439574825560287,0.010621712472492106,True,-0.012949298548276533,True,6727,6682,6831,6841,0.01550661367504913,True,-0.006373492058247887,True,0.009585143028306042,True,-0.015611913434053049,True,0.008889784242120502,True,-0.012064254633784688,True,0.009177141340072748,True,-0.012892438359832503,True,0.9419071083345307
Jannik Sinner,0.6439574825560287,-0.0029992828193258214,True,-0.00953727333347576,True,5773,5774,6166,6181,-0.011278187194646572,True,-0.011022117492567207,True,-0.001066908002720579,True,-0.006263068603201083,True,-0.007098337950138478,True,-0.010485824839158109,True,-0.005285830794527491,True,-0.009067333597269023,True,0.9963462260777738
Daniil Medvedev,0.6439574825560287,-0.00333135284350472,True,-0.0036252927120311584,True,5670,5637,5785,5780,-0.009414831078099373,True,-0.0059094164004716565,True,-0.004802212255936356,True,-0.003363887928052589,True,-0.00359551765425703,True,-0.0037471532291436516,True,-0.004232535880708932,True,-0.006073256040401043,True,1.0225154118322837
Andy Murray,0.6439574825560287,-0.0053373858663944285,True,-0.008538573959464058,True,5501,5502,5607,5579,-0.004328275551128136,True,-0.0007225101127554812,True,-0.008687521761142847,True,-0.018046526551024955,True,-0.005721040624080076,True,-0.00817123923760732,True,-0.0047849025405899415,True,-0.006467541968919299,True,0.9975726033664121
Pete Sampras,0.6439574825560287,0.0020511035020829294,True,-0.024200369773799968,True,5604,5609,5775,5781,-0.003508962332468224,True,-0.02614275196278787,True,0.003933262542365479,True,-0.027866572283695323,True,0.002526640263275981,True,-0.023628397429850234,True,0.002614292906288229,True,-0.023973493282498315,True,0.9601057022689375
Carlos Alcaraz,0.6439574825560287,0.002400037939022326,True,0.00768279835744845,True,4443,4447,4820,4825,-0.0037551074491150027,True,0.015355297385015787,True,0.0026920477551103383,True,-0.001540746300714102,True,0.0020321634398922095,True,0.009469504417584873,True,0.0033893214144110617,True,0.006749026424061055,True,1.0304012415050814
Andre Agassi,0.6439574825560287,0.009691373001188386,True,-0.005379955490606991,True,5209,5216,5433,5386,0.006166869014263554,True,-0.008581554284495418,True,0.008151139599814061,True,-0.003979894217790214,True,0.010914547671857289,True,-0.004981645406238744,True,0.009787600730201795,True,-0.006637895458392495,True,1.0229986558706705
Stefanos Tsitsipas,0.6439574825560287,-0.01451905904121209,True,-0.01184438128484272,True,4194,4203,4104,4111,-0.022687515679133186,True,-0.0067191722559178935,True,-0.007840342124019961,True,-0.016477381650599532,True,-0.01604786214466125,True,-0.010676385106368036,True,-0.01629170057812046,True,-0.012176304485990108,True,0.9437836586290578
Alexander Zverev,0.6439574825560287,0.004248053834088328,True,0.010738612783551482,True,3929,3927,4072,4057,-0.0031663756693750544,True,0.01086253208839022,True,0.006728197086259158,True,0.0025763180241511474,True,0.00418654201222779,True,0.01209398354994723,True,0.004937574632793318,True,0.011999188784510229,True,1.0387637920375208
Stefan Edberg,0.6439574825560287,-0.0035344886460157987,True,-0.003077820228574446,True,4588,4583,4672,4671,-0.004193787280419303,True,0.003633452555008354,True,-0.001691032558135297,True,-0.007050372328950727,True,-0.0036591054968940773,True,-0.002135478007980307,True,-0.0034278961160342236,True,-0.0016919352934667842,True,0.9987783064629375
Dominic Thiem,0.6439574825560287,0.013155198414751101,True,0.002983979223179556,True,3752,3751,3752,3747,0.004991217383913615,True,0.004912677125165743,True,0.0138733382694467,True,0.004803843074459524,True,0.008103835788084934,True,0.0019178811421560749,True,0.011014191943001017,True,0.0011966013714025392,True,1.0405357452499013
Andrey Rublev,0.6439574825560287,-0.014570382215195132,True,0.002276950639859776,True,3274,3264,3541,3430,-0.0340397241574647,True,0.007814436940741187,True,-0.007200746549484216,True,0.0017487612940833563,True,-0.014760721741046812,True,0.002890160024467736,True,-0.015289154434603547,True,0.004680530895643409,True,0.995163815082151
Grigor Dimitrov,0.6439574825560287,-0.0164473159326175,True,-0.016147635524798143,True,3429,3436,3468,3468,-0.018730199889039345,True,-0.013390365633919599,True,-0.013238481172314742,True,-0.01701910241147464,True,-0.015533865558471915,True,-0.013216121945365034,True,-0.01590131814348905,True,-0.013863608215459233,True,0.9447306054906002
Casper Ruud,0.6439574825560287,0.018966357053706195,True,-0.024941801963007604,True,3266,3275,3267,3271,0.020624831096297647,True,-0.014616859895560164,True,0.018263261966676603,True,-0.025702634181144657,True,0.018623108238577935,True,-0.02247002412330218,True,0.017459399758895544,True,-0.02232458191522768,True,0.9498076666431452
Boris Becker,0.6439574825560287,0.0018335271927721886,True,-0.002118638006162743,True,4013,4009,4116,4076,0.0014767214877996482,True,0.00678126595460643,True,-0.0005144972939921111,True,-0.0056630332385188,True,0.0021018141636761634,True,-0.004688449721236332,True,0.0004290442756575974,True,-0.0033920316479640333,True,1.017093161068246
Juan Martin Del Potro,0.6439574825560287,0.026984643458380253,True,0.021678538247135337,True,3217,3209,3229,3229,0.02418114360490109,True,0.022542242703533055,True,0.02373565644727771,True,0.028765822573203426,True,0.028067911413562796,True,0.022304832713754663,True,0.028971232020012505,True,0.020819054278190363,True,1.0842530551085838
Alex De Minaur,0.6439574825560287,-0.0002812032222802019,True,-0.012162514252204548,True,2723,2736,2799,2822,-0.015028540282697844,True,-0.015062551365172094,True,0.006930795005082868,True,-0.010500363745727492,True,-0.0021673469288414626,True,-0.012304532803574908,True,-0.00290237081711775,True,-0.012882169147284017,True,1.014240066817748
Stan Wawrinka,0.6439574825560287,-0.018226516083186928,True,0.021091362792896973,True,3151,3099,3107,3159,-0.021618632293997964,True,0.019042561317614892,True,-0.010106658466487506,True,0.020301396256630966,True,-0.020026182499083722,True,0.021669963658703884,True,-0.020332429449728684,True,0.021581519407606387,True,0.999072230108716
Gael Monfils,0.6439574825560287,0.026078464814384805,True,-0.00245527884952651,True,3005,2917,2851,2851,0.012014393096902998,True,0.007679356008234217,True,0.021978099706388088,True,-0.015696956275682183,True,0.024036383085643376,True,-0.0015135254336959836,True,0.023832931374180855,True,-0.0008468973572641758,True,1.0234068475942983
Lleyton Hewitt,0.6439574825560287,-0.027347765291281467,True,-0.013971004133616682,True,3105,3099,3189,3185,-0.02338094543546354,True,-0.006121980280423878,True,-0.02431260778075439,True,-0.017783333537975066,True,-0.02650290885585005,True,-0.011390426615990545,True,-0.02614004544715476,True,-0.010832068985195842,True,0.9977692937094805
Taylor Fritz,0.6439574825560287,-0.033707696167468826,True,-0.01850471619178523,True,2593,2564,2641,2627,-0.036958287572672055,True,-0.018154861640010178,True,-0.018214925382037617,True,-0.01534203823236907,True,-0.03281227957974975,True,-0.018098922354241542,True,-0.03326629411476156,True,-0.02086661484427388,True,0.9266688591650637
Ivan Lendl,0.6439574825560287,0.009674005420206133,True,-0.01961907392701845,True,3138,3137,3241,3237,-0.0024581414783887423,True,-0.017543623237840145,True,0.01999502822061272,True,-0.01643050007938135,True,0.008350632385851542,True,-0.01866691950136934,True,0.008609693877551061,True,-0.018841877316453592,True,1.0235417107528435
Lorenzo Musetti,0.6439574825560287,0.03139757003214838,True,0.00785122923361009,True,2546,2541,2594,2595,0.030238522198213436,True,0.013960602620719298,True,0.03689405287582892,True,0.005058921291913154,True,0.03502018464902412,True,0.008438002447318627,True,0.034447791700668806,True,0.010910240035814422,True,1.028639506884705
Nick Kyrgios,0.6439574825560287,0.006669811311977636,True,-0.0111151234828753,True,2541,2538,2512,2487,0.006297969928996672,True,-0.01222389983781863,True,0.008150395205945626,True,-0.007857888875202723,True,0.008583980762116195,True,-0.006306911696448536,True,0.011005517334495285,True,-0.01220061163539482,True,1.075319191057376
Tallon Griekspoor,0.6439574825560287,0.019321144280531333,True,0.016090333105176657,True,2504,2478,2381,2382,0.023040602939160326,True,0.025474420759802108,True,0.02048411720993648,True,0.0021754004315713837,True,0.018905296758312096,True,0.01767735677520177,True,0.019871706258260846,True,0.018355553365041022,True,1.0345156526712966
Andy Roddick,0.6439574825560287,-0.0028204703933062403,True,-0.023669336687882514,True,2666,2684,2746,2749,-0.0025512941584100446,True,-0.02073666121123735,True,-0.002177289062535004,True,-0.02192279061332253,True,-0.003370786516853852,True,-0.02349951128263028,True,-0.0046943419423844945,True,-0.02294843863471313,True,0.9410831867639272
Botic Van De Zandschulp,0.6439574825560287,0.0032940259967362273,True,0.012827344379639116,True,2353,2372,2387,2427,-0.005499749814168231,True,0.019370221423916367,True,0.004089817418865271,True,0.007363915493280193,True,0.002230961615136473,True,0.01211522344836663,True,0.0006301427906825197,True,0.013083105131773354,True,1.0340343608447093
Felix Auger Aliassime,0.6439574825560287,0.01259749020360823,True,-0.020602084305519575,True,1994,1985,2089,2066,0.008743202318334253,True,-0.016883246976563515,True,0.012446161689664392,True,-0.0219759990067237,True,0.012562814070351758,True,-0.016992665036674792,True,0.010516775162744185,True,-0.016284311348350455,True,0.9940695604451552
Alexander Bublik,0.6439574825560287,0.077646325341443,True,0.018994760043790804,True,1871,1922,1754,1755,0.0812245543302107,True,0.030844874470372485,True,0.07326203208556159,True,0.02536000753293005,True,0.07847176649144061,True,0.021273962322993112,True,0.0784302236113289,True,0.01837060030549137,True,1.062429796509727
Richard Gasquet,0.6439574825560287,-0.0040358539625237055,True,0.003763991756145668,True,1939,1920,1853,1856,-0.012122781400593086,True,0.0034577407358237777,True,0.0016889110484242797,True,-0.0007273864630100713,True,-0.0066418444328824044,True,0.0021792179336584394,True,-0.006374513447947483,True,0.0010995777621393144,True,0.976451267921438
Matteo Berrettini,0.6439574825560287,0.03568101792319989,True,0.025559686688808536,True,1867,1859,1880,1877,0.025932653580368226,True,0.02147555682512481,True,0.03325113638198118,True,0.010472712425713349,True,0.031871565072632335,True,0.018880810838027617,True,0.03398389682936498,True,0.019138484021900992,True,1.1271874815381102
Denis Shapovalov,0.6439574825560287,-0.043010752688172005,True,-0.02920398125377016,True,1860,1860,1840,1874,-0.04000355696019853,True,-0.015978144720659726,True,-0.046565163546295585,True,-0.035381036189475856,True,-0.042527600878778604,True,-0.028239458859992517,True,-0.03999581034681865,True,-0.02775081313950417,True,0.9662189220228848
John Isner,0.6439574825560287,0.05210255193597324,True,-0.014254885649872817,True,1990,1991,1935,1929,0.05151287239258873,True,-0.017977459072818502,True,0.04639518072167703,True,-0.0023857859396832493,True,0.05326633165829153,True,-0.013867826513425774,True,0.05210255193597324,True,-0.015376685276673213,True,1.001256239477112
Tomas Berdych,0.6439574825560287,-0.01721265963353691,True,-0.03312324929971994,True,1801,1801,1736,1785,-0.017896611218913394,True,-0.028716813545116793,True,-0.024923638136487347,True,-0.03148573378336006,True,-0.017600685882588785,True,-0.034854802135908136,True,-0.017554599776054558,True,-0.03539728867907255,True,0.9560081757761698
Marin Cilic,0.6439574825560287,-0.02439628213177314,True,0.009895903374859016,True,1883,1877,1853,1854,-0.030398769376405066,True,0.021735353480056674,True,-0.022181806215365252,True,0.006966299506463047,True,-0.020336807642513777,True,0.01262366670704762,True,-0.02275773004721282,True,0.009730662085455866,True,0.9723258556182577
Milos Raonic,0.6439574825560287,-0.027337789081445574,True,-0.01622291045523533,True,1740,1749,1766,1764,-0.028259497685822144,True,-0.017201973277042037,True,-0.01582520558424172,True,-0.02191088197267238,True,-0.029293509477311908,True,-0.017574407825689586,True,-0.027046775703681525,True,-0.01456993053631711,True,0.9479517772226707
Jo Wilfried Tsonga,0.6439574825560287,0.04086721680121397,True,-0.006208669848878523,True,1733,1739,1730,1722,0.041208945028611055,True,0.005976016045248944,True,0.03806869278826974,True,-0.009691613566567892,True,0.040085804581702744,True,-0.006989892379290319,True,0.03732335565964584,True,-0.005028301257226975,True,1.03673244395763
Marat Safin,0.6439574825560287,0.005596539257277766,True,-0.016171091246983238,True,2195,2180,2180,2182,0.0041614314555505905,True,-0.021429301206514317,True,0.01485561760335219,True,-0.012250823094332675,True,0.00242787307406922,True,-0.017300431386069515,True,0.005669781380073791,True,-0.018117692956293008,True,1.0080634423665447
Karen Khachanov,0.6439574825560287,-0.021130123449456084,True,0.00742226509640781,True,1623,1618,1648,1643,-0.03374091612716279,True,-0.0006199140851465001,True,-0.012368284756145709,True,0.018499070123618844,True,-0.018591741855539023,True,0.005336862715588142,True,-0.021896639696770914,True,0.004730434577322529,True,1.0128330043528153
Roberto Bautista Agut,0.6439574825560287,-0.010993412384716739,True,-0.022857906638956427,True,1518,1500,1519,1517,-0.016687591407496205,True,-0.01951190662741753,True,0.0013342228152101177,True,-0.013555769653330607,True,-0.005182239893969487,True,-0.02040816326530609,True,-0.014441571239418804,True,-0.020936170943252064,True,0.9464131650148434
Tommy Paul,0.6439574825560287,-0.003615984945756545,True,-0.0169573279047755,True,1622,1646,1655,1631,-0.018072476109376456,True,-0.006163693541172077,True,-0.0012330456226880004,True,-0.021638548628757748,True,-0.00798983304713563,True,-0.014171287738755423,True,-0.004682772710104088,True,-0.017404905585154562,True,0.9883282863989309
David Goffin,0.6439574825560287,0.01503143848471522,True,0.015831689100382407,True,1589,1582,1606,1588,0.00403149245229617,True,0.02659978012930414,True,0.015134019800408738,True,0.012858235035436982,True,0.009603933342839599,True,0.01788075716930515,True,0.01075189055404946,True,0.017540019663503936,True,1.0467141847610977
David Ferrer,0.6439574825560287,-0.035643564356435564,True,-0.011184903290166415,True,1515,1515,1480,1463,-0.04339687700113293,True,0.018174974907995967,True,-0.01800164144582883,True,-0.01500540188891858,True,-0.03635341052447949,True,-0.005467378883889262,True,-0.03524081959647152,True,-0.005221569213888444,True,0.975098746468765
Kei Nishikori,0.6439574825560287,0.058369603661284075,True,0.04259349663973283,True,1483,1489,1490,1471,0.03838543835194874,True,0.05783559859789128,True,0.043932593676516585,True,0.040927679000154926,True,0.05672564914271072,True,0.04479695552814511,True,0.05694355117993366,True,0.043872990433198034,True,1.0865205042641604
Arthur Fils,0.6439574825560287,0.03822947371334462,True,0.01874999999999999,True,1332,1302,1280,1280,0.024289952746829435,True,0.030281857267971002,True,0.037634408602150504,True,0.012793044276875498,True,0.03925778638247901,True,0.020025858704137423,True,0.037337742287262055,True,0.02158835870413739,True,1.0430601628036051
Adrian Mannarino,0.6439574825560287,0.019695319988460414,True,0.003901387408694279,True,1462,1470,1437,1430,0.03388772889816882,True,0.0020691283474876254,True,0.036141037131649956,True,-0.003009254896047364,True,0.023777107217415216,True,0.006481323554494267,True,0.023228005182765465,True,0.00519452499184897,True,1.0358287715063856
Nikolay Davydenko,0.6439574825560287,0.044077533640465294,True,-0.01788791271625828,True,1424,1417,1446,1432,0.036870353850728566,True,-0.02316935867168446,True,0.04520353443354985,True,-0.02086678599314351,True,0.03970042153745623,True,-0.019563330082592145,True,0.040754265178137405,True,-0.022832027439778912,True,1.0591592181001517
Frances Tiafoe,0.6439574825560287,0.008672441126508335,True,-0.02072675965570947,True,1014,1009,1009,1015,0.008891939689108508,True,-0.0248262164846077,True,0.011431257408875739,True,-0.02815732592249498,True,0.010634605068004732,True,-0.025820301185946748,True,0.006908697367143057,True,-0.02045356709584001,True,1.0503848033969934
Holger Rune,0.6439574825560287,0.03399764916237058,True,0.038390022323394,True,1447,1444,1389,1390,0.034698126301179744,True,0.03707786243043176,True,0.04465761333472262,True,0.03001089123532452,True,0.03475964098492701,True,0.035720044653932026,True,0.035518301875414604,True,0.036690647482014394,True,1.0704691851199535
John Mcenroe,0.6439574825560287,-0.030506286675371586,True,0.01038675982711873,True,1786,1807,1777,1767,-0.03284107001135994,True,0.02102749676330362,True,-0.014347116884353972,True,-0.002666177835405237,True,-0.028311828893506363,True,0.010381149459392391,True,-0.031340458556256556,True,0.011352191303847348,True,0.9722811651904338
Yevgeny Kafelnikov,0.6439574825560287,-0.004707786237081124,True,0.01881984048013191,True,1539,1537,1489,1495,-0.0006501950585174887,True,0.01608083947158523,True,-0.008570747251906097,True,0.018524337884210318,True,-0.005591649265093923,True,0.016028424792735918,True,-0.004439061395781874,True,0.017454057679409773,True,0.9573287123499246
Jiri Lehecka,0.6439574825560287,0.03519501948604875,True,0.03955375253549692,True,1066,1062,986,986,0.020006974376632125,True,0.03803603629419339,True,0.045910363284013656,True,0.02706578974327456,True,0.03204524033930256,True,0.04392876793325173,True,0.03250720155049058,True,0.0478537914643391,True,1.0533346653985893
Ugo Humbert,0.6439574825560287,-0.04196589834007047,True,0.008985475025937495,True,1056,1057,1040,1038,-0.05210285848172447,True,0.03282232447787753,True,-0.030274361400189242,True,-0.007712663569391542,True,-0.045480339200658304,True,0.01642240737985423,True,-0.041925912943326815,True,0.009310308377886711,True,0.935946109393003
Reilly Opelka,0.6439574825560287,0.06529677867723716,True,0.013742554481577907,True,1118,1112,1058,1060,0.057255812600593425,True,0.0005458118040899129,True,0.05467186843376215,True,0.008522727272727237,True,0.06441628205373728,True,0.014097157138394267,True,0.0638489208633094,True,0.013402437977508841,True,0.9853306506407358
Gilles Simon,0.6439574825560287,-0.012139501743978931,True,0.005804311774461002,True,1204,1203,1206,1206,-0.022981480724418413,True,0.008476831209369928,True,-0.007795591458623408,True,-0.006136397674513572,True,-0.01114119896076804,True,0.005147118785304605,True,-0.011289372333809777,True,0.002244324801628672,True,1.0057702812965303
Alejandro Davidovich Fokina,0.6439574825560287,0.013342630744849426,True,0.0024630541871921707,True,1262,1250,1218,1218,0.005119744204636345,True,0.003828869191216,True,0.0030958168902920358,True,-0.015780730897009987,True,0.013277058353317384,True,0.0033940144025089714,True,0.01307792086581705,True,0.002618092385479942,True,1.026979968515311
Gustavo Kuerten,0.6439574825560287,0.023006885063004856,True,5.7590307313282185e-05,True,1446,1448,1448,1451,0.015928903248006998,True,0.009162957271487637,True,0.030350019615760226,True,0.0011335130408885452,True,0.026908892422336628,True,0.003455425017277136,True,0.02710416418088535,True,0.002143590320116684,True,1.0342312365775272
Goran Ivanisevic,0.6439574825560287,0.023294428576118742,True,0.0001534048513567865,True,1560,1562,1568,1559,0.01267460407746357,True,-0.006795045230120256,True,0.03914919902475744,True,-0.0047551223643768625,True,0.023647048993120312,True,0.0005914254469167601,True,0.021417892793471727,True,-0.0007886991620071337,True,1.0781673229483668
Joao Fonseca,0.6439574825560287,-0.00010590955906641941,True,0.017154985525683786,True,1020,1009,1043,1034,-0.014759610215710595,True,0.00810269778058148,True,-0.009593187145781945,True,0.011497986228400647,True,0.002037002941902344,True,0.01592353729210677,True,-0.002834587237034225,True,0.01833976833976836,True,1.0195558004238259
Feliciano Lopez,0.6439574825560287,0.008266129763653818,True,-0.005291005291005291,True,1175,1173,1127,1134,0.023896448722203867,True,0.007992895204262884,True,0.01464874370189262,True,-0.017752169061932777,True,0.010819321253015546,True,-0.008364511293349919,True,0.008821423540158913,True,-0.007864675352053985,True,0.9958641287882817
Patrick Rafter,0.6439574825560287,0.011411375818155434,True,-0.014638071288317567,True,1298,1287,1276,1274,0.007249589214037622,True,-0.007598551433497858,True,0.026120660599932566,True,-0.007312085115516065,True,0.011859722605732204,True,-0.01167049916348778,True,0.01266129855469289,True,-0.011233265784812763,True,0.972078117082875
Borna Coric,0.6439574825560287,0.04170989383407686,True,0.03370264164059783,True,972,952,959,960,0.034325183411575755,True,0.029946729166462405,True,0.05832566561428976,True,0.028173981191222552,True,0.04237716984604056,True,0.03448275862068967,True,0.04232687624517417,True,0.03295123985874643,True,1.0882320692538068
Sebastian Baez,0.6439574825560287,-0.011507479861910253,True,0.01752464403066817,True,869,869,913,913,0.0014851680688865443,True,0.012457346028109828,True,-0.012898131781075794,True,0.0069372364047247115,True,-0.008124436075477526,True,0.013744720452430359,True,-0.012641324205366344,True,0.014603870025556798,True,1.0125147119376074
Sebastian Korda,0.6439574825560287,0.03751143641354071,True,0.004608294930875556,True,1093,1093,1085,1085,0.027516343089911688,True,0.0069877325721011685,True,0.023444856833664818,True,0.016494349400335895,True,0.03583038839841324,True,0.007412323433261925,True,0.032936870997255285,True,0.012769918847266915,True,1.0256214020974024
Diego Schwartzman,0.6439574825560287,0.05303799288611433,True,-0.0025179282868526,True,972,973,1004,1000,0.050833432595420724,True,-0.01158563658563655,True,0.05870236869207013,True,0.001710144927536239,True,0.05807194653172454,True,-0.004260977395305732,True,0.053278238311320725,True,-0.005508998529935749,True,1.050572797096611
Fernando Gonzalez,0.6439574825560287,-0.007511848848281155,True,0.048500113709016524,True,1208,1238,1182,1183,-0.0011365986131980366,True,0.03559697990871474,True,-0.00801259626960893,True,0.0476540900203532,True,0.000401389131846841,True,0.047483524989415826,True,-0.0021414166189736017,True,0.04622443282316191,True,1.068469068422129
Miomir Kecmanovic,0.6439574825560287,-0.008271563206734833,True,-0.01214035377919298,True,998,996,982,985,-0.01807228915662651,True,0.001963257415199482,True,-0.00865246341433945,True,-0.020498641559865416,True,-0.008032128514056214,True,-0.01394615269981625,True,-0.01133776081696769,True,-0.009796335272997447,True,1.0033011532749725
Cameron Norrie,0.6439574825560287,0.021338511764043666,True,-0.0154209360625015,True,940,945,905,908,0.014631612232913205,True,-0.012844357734177636,True,0.03209228471697434,True,-0.026262194687744822,True,0.021164021164021163,True,-0.01729415925749761,True,0.01884572604447099,True,-0.01655629139072845,True,1.031491652385859
Nicolas Jarry,0.6439574825560287,-0.04374900883952215,True,0.029882604055496254,True,958,961,937,937,-0.05093555093555091,True,0.02521245267621608,True,-0.04379028456353096,True,0.03544038914418268,True,-0.043439858679942156,True,0.027354582025752028,True,-0.03995561314923213,True,0.030120100136261374,True,0.9912372193111098
Fabio Fognini,0.6439574825560287,0.0694131293089626,True,0.020737327188940113,True,896,891,868,868,0.03538071829855538,True,0.015582838640043173,True,0.06629213483146068,True,0.015279934821905983,True,0.06960536523110028,True,0.019585253456221252,True,0.06665583482271187,True,0.0201718598063671,True,1.068129137934507
Jan Lennard Struff,0.6439574825560287,0.05999558624168477,True,-0.018327798783494997,True,873,872,875,869,0.05591057682168099,True,-0.02259974137828763,True,0.06047800377697288,True,-0.01859153504723121,True,0.05616884390569221,True,-0.016076160513508075,True,0.059648947657417906,True,-0.016013226263580538,True,1.043109672165556
Benoit Paire,0.6439574825560287,0.04092609369746336,True,-0.01989961498441606,True,923,928,914,919,0.0535742403696331,True,-0.006621665059466375,True,0.04539909632353545,True,-0.0164473684210526,True,0.036719943817250744,True,-0.010350492880613404,True,0.04080246248412922,True,-0.012345561044595,True,1.0501044812208795
David Nalbandian,0.6439574825560287,0.04822197212020696,True,0.019891500904159143,True,1104,1101,1106,1106,0.040760869565217406,True,0.042425990656214274,True,0.04727480270343509,True,0.017746675357048936,True,0.044504995458673924,True,0.02238261800863628,True,0.049046321525885506,True,0.02084539286488818,True,1.0674625151994939
Jim Courier,0.6439574825560287,0.013847933584357763,True,-0.04696197279955444,True,1316,1340,1335,1318,0.0028583759531766173,True,-0.04449685534591197,True,0.019190423300012305,True,-0.0486748382212861,True,0.010372115126345616,True,-0.04010837302409054,True,0.014918311627466818,True,-0.04302087644272773,True,0.937055271218683
Robin Haase,0.6439574825560287,-0.05168862825646503,True,0.02040816326530609,True,943,951,931,931,-0.04547130182294801,True,0.025778732545649885,True,-0.037848824559997274,True,0.004622258448141459,True,-0.04990485662642952,True,0.023167561749247112,True,-0.050600959471774676,True,0.021482277121374904,True,0.9876521638117207
Karim Mohamed Maamoun,0.6439574825560287,0.02566052566052568,True,-0.0067240300375469575,True,814,819,800,799,0.01251093891950017,True,-0.0010583760031396272,True,0.04022012147782794,True,0.01126408010012514,True,0.023531218384159613,True,-0.0013790749589506213,True,0.025403109961933512,True,-0.007171919285202333,True,1.0307105037341406
Ivo Karlovic,0.6439574825560287,0.023579503743943575,True,0.036139703207972634,True,980,973,944,932,0.015475534632143129,True,0.034078807241746556,True,0.03182686455259798,True,0.040814810752009933,True,0.026604661917822292,True,0.038029243366939,True,0.02578310022789221,True,0.03897434958866,True,1.057949035272939
Ben Shelton,0.6439574825560287,-0.03548196769673273,True,0.0020158213233064104,True,1043,1040,1006,1003,-0.047603393928768445,True,-0.0006251088005823635,True,-0.037099283595050214,True,-0.023269494997594287,True,-0.03749330428072084,True,0.003988035892322994,True,-0.037589001183647386,True,0.002360972637642622,True,0.924681910197968
Lorenzo Sonego,0.6439574825560287,-0.023530120159498957,True,-0.0050980515905991175,True,948,946,923,927,-0.013863435314539374,True,-0.0003429211769519491,True,-0.007407407407407418,True,-0.0021153670653260015,True,-0.023280423280423235,True,-0.002209063727501903,True,-0.022590243520476005,True,-0.004342753435312374,True,0.9560488584642923
Fernando Verdasco,0.6439574825560287,0.049812030075187974,True,-0.04307833405265432,True,1064,1064,1008,993,0.04615349612164321,True,-0.02799238407547011,True,0.03814906985774302,True,-0.05184428788373152,True,0.04882629107981229,True,-0.04531722054380666,True,0.0503653499947051,True,-0.04067114561907659,True,0.9616476227589547
Michael Stich,0.6439574825560287,0.026965265668684957,True,-0.02084115839858236,True,1251,1246,1251,1245,0.006425702811244993,True,-0.014183217621690614,True,0.03373493975903619,True,-0.02110710884776218,True,0.023408288085518203,True,-0.019527669619939236,True,0.023425338875374346,True,-0.02112614415850045,True,0.9714172585390932
Marton Fucsovics,0.6439574825560287,-0.006862122738500953,True,0.0002286098793975455,True,932,933,968,958,0.014183368388817619,True,0.014203426063597036,True,-0.009011495521852542,True,-0.00415368639667707,True,-0.0036366043748830013,True,0.005312426156084127,True,-0.0012861736334405238,True,0.0026515246790921876,True,1.0108447199655972
Pablo Carreno Busta,0.6439574825560287,0.0053192054810539124,True,0.04219585440065321,True,867,868,869,871,-0.003012400406082638,True,0.05791304577860662,True,0.0034602076124568004,True,0.04073457333165764,True,0.0044266793938670945,True,0.046892648618372446,True,0.003904028404530635,True,0.043478260869565244,True,1.0340418505312923
Francisco Cerundolo,0.6439574825560287,-0.011072173308619093,True,0.0026941648159932163,True,832,830,841,839,-0.007707363751032981,True,0.0058094599070825925,True,-0.016592330861909144,True,-0.0055697527806547464,True,-0.007931537999815275,True,-0.001861167002012054,True,-0.005996670744670141,True,-0.001811234757566671,True,1.0062667641533185
Dusan Lajovic,0.6439574825560287,0.015422275682530184,True,0.02329191915497192,True,727,717,701,702,0.019568007458864112,True,0.03083603896103898,True,0.026681794890564325,True,0.00430339948909414,True,0.017736894362905153,True,0.020929284695333172,True,0.01737436203963405,True,0.0237588652482269,True,1.0403026776457664
Yoshihito Nishioka,0.6439574825560287,0.038524971522998164,True,0.05213519068280431,True,790,789,754,755,0.04338465092698962,True,0.058355437665782495,True,0.04689480354879594,True,0.05429962757548967,True,0.03751938134115662,True,0.05850470547229003,True,0.03807106598984766,True,0.057380040138660826,True,1.1010537496086255
Tommy Haas,0.6439574825560287,0.020513143529016564,True,0.039792922625257354,True,980,972,916,946,0.02198452877909307,True,0.06630434782608696,True,0.024507755618866645,True,0.037077426390403456,True,0.017202940943948142,True,0.045163964627855546,True,0.02336943631907662,True,0.048041181505845354,True,1.0286005913082035
Brandon Nakashima,0.6439574825560287,-0.039200347674923974,True,-0.06414662084765177,True,885,884,873,873,-0.0382702005839306,True,-0.04422974963181148,True,-0.042986425339366474,True,-0.04599974256058603,True,-0.03534687417567928,True,-0.05758512265811788,True,-0.0387101028752308,True,-0.06529209621993126,True,0.9107845053898841
