player,entropy_normal,entropy_high_pressure,n_transitions_normal,n_transitions_high_pressure,sufficient,entropy_escalation_delta
Iga Swiatek,0.7761486557569578,0.7787555093286662,16611,17203,True,0.002606853571708423
Bianca Andreescu,0.8169964854780648,0.8164184157994103,15266,15662,True,-0.0005780696786544803
Caroline Wozniacki,0.7536226907480305,0.7516092504375649,16882,17943,True,-0.002013440310465575
Elina Svitolina,0.7615087037125493,0.7500585829384858,14543,15593,True,-0.011450120774063488
Serena Williams,0.7615752363072918,0.7623132515667927,9788,10608,True,0.0007380152595009015
Elena Rybakina,0.7595647506996852,0.7596779961568626,9077,9007,True,0.0001132454571773911
Kiki Bertens,0.7706266698873898,0.7773034123536006,11528,11610,True,0.00667674246621075
Mirra Andreeva,0.7947275659790958,0.7811460593997798,10705,12229,True,-0.013581506579316005
Maria Sharapova,0.7720877350163807,0.7689503801539768,8535,9424,True,-0.0031373548624039627
Coco Gauff,0.7832739825521498,0.7711684801970013,9347,9408,True,-0.012105502355148401
Victoria Azarenka,0.7735550827757532,0.7698239342696581,8145,9234,True,-0.0037311485060951277
Petra Kvitova,0.8075662326795711,0.7970298390565352,6038,6519,True,-0.010536393623035822
Garbine Muguruza,0.77197735387281,0.7686419369080713,7975,8352,True,-0.0033354169647387133
Venus Williams,0.7885608208312171,0.7751147191563602,7683,8466,True,-0.013446101674856936
Steffi Graf,0.7870959944111421,0.7946269111741683,9540,10510,True,0.007530916763026196
Jessica Pegula,0.7689794393592907,0.767054016532993,6727,8036,True,-0.0019254228262977069
Sofia Kenin,0.7769455703070552,0.7758974521112842,6242,6775,True,-0.0010481181957709973
Angelique Kerber,0.7565993379454848,0.7358140918046882,8581,9337,True,-0.020785246140796687
Belinda Bencic,0.7749181001417972,0.7719950496202541,5758,6435,True,-0.002923050521543069
Karolina Pliskova,0.7786135422342537,0.7881961562501316,6078,6195,True,0.0095826140158779
Amanda Anisimova,0.8067785245985599,0.7929644453871935,4495,5066,True,-0.013814079211366459
Karolina Muchova,0.8234010088060131,0.8330680244328059,6094,6024,True,0.009667015626792841
Magda Linette,0.7371014731169122,0.7293970924151431,5964,6901,True,-0.0077043807017691535
Emma Raducanu,0.7810379068700117,0.7729582175080149,5621,5822,True,-0.008079689361996878
Naomi Osaka,0.7911650700478985,0.7942567119387376,5288,4872,True,0.003091641890839103
Madison Keys,0.8144968780950985,0.809218194831168,4625,4752,True,-0.00527868326393055
Daria Kasatkina,0.7757396882670332,0.7800990230605356,7422,8744,True,0.004359334793502367
Arantxa Rus,0.7934428585128381,0.793850276859844,7846,8091,True,0.0004074183470058612
Maria Sakkari,0.7929859305373729,0.7759473750301018,5610,6186,True,-0.01703855550727107
Ekaterina Alexandrova,0.778884467050133,0.7775106155402959,5203,5403,True,-0.001373851509837154
Eugenie Bouchard,0.7725246802747378,0.7661255472318574,4334,4918,True,-0.006399133042880312
Marta Kostyuk,0.7731832822063405,0.7658092229431469,4858,5675,True,-0.007374059263193566
Aryna Sabalenka,0.777636922720041,0.7708785717734138,3534,3526,True,-0.006758350946627245
Donna Vekic,0.7892550756297176,0.805813417116263,4149,4250,True,0.016558341486545336
Agnieszka Radwanska,0.7494601210953362,0.7450455933636466,5614,5766,True,-0.004414527731689599
Justine Henin,0.7589563197365102,0.756072180651762,4874,5310,True,-0.0028841390847482717
Jelena Ostapenko,0.7640485121365822,0.7418677653393997,2925,3284,True,-0.022180746797182516
Jasmine Paolini,0.77472412866594,0.7731271498291716,4662,4710,True,-0.001596978836768348
Ashleigh Barty,0.7769740969758688,0.7808208940626012,4951,4764,True,0.003846797086732412
Paula Badosa,0.8024830520233671,0.7880047235277773,4689,5105,True,-0.014478328495589832
Qinwen Zheng,0.7921343128214664,0.7970162776906535,3470,3780,True,0.004881964869187128
Ana Ivanovic,0.7967824025951259,0.800725840330309,3644,3852,True,0.003943437735183131
Linda Noskova,0.7947967771769672,0.7983456687447366,2900,3011,True,0.0035488915677693855
Elena Dementieva,0.7583389750821379,0.7619051602937288,5536,5908,True,0.003566185211590911
Kim Clijsters,0.7335648710017016,0.7236360109514829,4468,4649,True,-0.009928860050218757
Leylah Fernandez,0.7972761189134873,0.7963402047469186,3700,3892,True,-0.0009359141665686854
Iva Jovic,0.7756511625366601,0.7831934615929943,3715,4084,True,0.00754229905633419
Danielle Collins,0.7753332751288078,0.7745484639827218,2757,2830,True,-0.000784811146085973
Marketa Vondrousova,0.7481211255667642,0.737304815827756,4009,4011,True,-0.010816309739008267
Ons Jabeur,0.7999898671010397,0.7931830637926902,3405,3890,True,-0.006806803308349485
Caroline Garcia,0.7829128975035895,0.7763596828643183,2418,2427,True,-0.006553214639271165
Clara Tauson,0.7891934169112946,0.7761413814663891,2887,3036,True,-0.013052035444905519
Elise Mertens,0.7738965751273356,0.7790265667776872,3539,3601,True,0.005129991650351662
Liudmila Samsonova,0.787641460749599,0.7794770225901593,2695,2831,True,-0.00816443815943968
Veronika Kudermetova,0.7811968734914706,0.773148035931897,3326,3382,True,-0.00804883755957364
