player,charted_matches,total_core_shots,pooled_normalized_entropy,pooled_entropy_sufficient,total_transitions,conditional_normalized_entropy,marginal_normalized_entropy_transitions,info_gain_relative,transition_low_context_count,transition_entropy_sufficient,total_shots_extended,total_dropshots,dropshot_rate,dropshot_rate_sufficient,dropshot_direction_entropy,dropshot_entropy_sufficient,n_serve_normal,n_serve_high_pressure,wide_serve_rate_normal,wide_serve_rate_high_pressure,wide_serve_escalation_delta,serve_zone_sufficient,net_play_rate_normal,net_play_rate_high_pressure,net_play_escalation_delta,net_play_sufficient,n_return_normal,n_return_high_pressure,mean_return_depth_normal,mean_return_depth_high_pressure,return_depth_shift_delta,return_depth_sufficient
Iga Swiatek,226,46336,0.9784682669276178,True,33814,0.7777415890085355,0.9686235159470734,0.1970651381015696,0,True,46336,168,0.0036256906077348065,True,,False,7031,6685,0.357843834447447,0.35018698578908003,-0.007656848658366966,True,0.04053477456976248,0.040837696335078534,0.00030292176531605125,True,4773,5476,2.179551644667924,2.1740321402483564,-0.0055195044195675,True
Bianca Andreescu,186,42874,0.978372103211158,True,30928,0.8171659030054864,0.9860878704163698,0.17130518737600645,0,True,42874,148,0.003451975556281196,True,,False,6323,7062,0.3405029258263483,0.35598980458793544,0.015486878761587164,True,0.07195951288945121,0.06966864910790145,-0.0022908637815497596,True,4638,4969,2.1709788702026738,2.170255584624673,-0.0007232855780006098,True
Caroline Wozniacki,155,44075,0.9817018006002529,True,34825,0.752899315631928,0.9801692043097079,0.23186801592877687,0,True,44075,50,0.0011344299489506524,True,,False,5065,5198,0.3502467917077986,0.36841092727972297,0.018164135571924367,True,0.055478775913129316,0.0513659099653713,-0.004112865947758018,True,3799,4276,2.2132140036851804,2.2100093545369504,-0.003204649148230043,True
Elina Svitolina,147,39639,0.9657100876569231,True,30136,0.7559267915919523,0.9659196689172008,0.21740200979720312,0,True,39639,80,0.002018214384823028,True,,False,5044,5454,0.3009516256938937,0.32856618995232856,0.027614564258434837,True,0.04777954004758128,0.04785478547854786,7.524543096657649e-05,True,3716,4203,2.0820775026910656,2.0732809897692124,-0.008796512921853239,True
Serena Williams,146,28877,0.9807259328981183,True,20396,0.7625439967756167,0.9772694749263551,0.21971982514538238,0,True,28877,73,0.002527963431104339,True,,False,4754,4736,0.38472864955826674,0.3963260135135135,0.011597363955246742,True,0.057425326041228436,0.06102195945945946,0.003596633418231021,True,2937,3497,2.147429349676541,2.1329711181012296,-0.014458231575311231,True
Elena Rybakina,130,25896,0.9772056544410059,True,18084,0.7602948856413365,0.9559837425504567,0.20469893806671272,0,True,25896,53,0.0020466481309854806,True,,False,4484,4262,0.41636931311329173,0.4415767245424683,0.025207411429176596,True,0.04393398751115076,0.045753167526982635,0.0018191800158318741,True,2865,3200,2.235602094240838,2.2325,-0.0031020942408379604,True
Kiki Bertens,121,30997,0.968419511313321,True,23138,0.7742642947519901,0.9669912167734884,0.19930576273956313,0,True,30997,542,0.01748556311901152,True,,False,3962,4345,0.38768298838970217,0.4444188722669735,0.056735883877271354,True,0.06612821807168097,0.06881472957422324,0.0026865115025422742,True,3148,3306,2.1439008894536213,2.1019358741681793,-0.04196501528544205,True
Mirra Andreeva,113,29942,0.9951538642366157,True,22934,0.7881356553778808,0.9925407523615093,0.20594126386981726,0,True,29942,273,0.009117627412998463,True,,False,3621,4245,0.36177851422259044,0.375736160188457,0.013957645965866572,True,0.0668323667495167,0.06219081272084806,-0.004641554028668643,True,2834,3043,2.0508115737473536,2.0739401906013804,0.023128616854026784,True
Maria Sharapova,110,24556,0.9834770232326272,True,17959,0.7713454696895681,0.9749263686409294,0.20881669170068498,0,True,24556,95,0.003868708258674051,True,,False,3586,3981,0.35303959843837146,0.3850791258477769,0.032039527409405466,True,0.04573340769659788,0.03793016829942226,-0.007803239397175622,True,2349,2749,2.1728395061728394,2.1731538741360494,0.00031436796321004934,True
Coco Gauff,109,25107,0.9820905194495988,True,18755,0.7777982014110348,0.9877757762907385,0.2125761533333043,0,True,25107,82,0.003266021428286932,True,,False,3472,3480,0.35339861751152074,0.36149425287356324,0.008095635362042497,True,0.07056451612903226,0.055459770114942526,-0.015104746014089739,True,2484,2728,2.0559581320450886,2.05608504398827,0.00012691194318126264,True
Victoria Azarenka,98,23094,0.9913345278529668,True,17379,0.7720634453906,0.9886630780128902,0.21908336362437336,0,True,23094,64,0.0027712825842210096,True,,False,3075,3612,0.3047154471544715,0.3549280177187154,0.050212570564243886,True,0.05040650406504065,0.05952380952380952,0.00911730545876887,True,2246,2575,2.203027604630454,2.218252427184466,0.015224822554011919,True
Petra Kvitova,96,18350,0.9813712151458355,True,12557,0.8027623469951262,0.9765815774002062,0.17798741490476463,0,True,18350,92,0.005013623978201635,True,,False,3181,3382,0.4036466519962276,0.43494973388527497,0.031303081889047346,True,0.06475950958817982,0.06564163217031342,0.0008821225821336043,True,2102,2194,2.2602283539486203,2.2725615314494076,0.012333177500787329,True
Garbine Muguruza,94,21732,0.9809358803629598,True,16327,0.7713562586318835,0.9841917402540146,0.21625408232668095,0,True,21732,35,0.0016105282532670716,True,,False,2911,3361,0.3026451391274476,0.3147872656947337,0.012142126567286082,True,0.06320851940913776,0.07081225825647129,0.0076037388473335354,True,2136,2338,2.279494382022472,2.2459366980325064,-0.033557683989965614,True
Venus Williams,90,22071,0.9870471215147253,True,16149,0.782065043354014,0.9844323484993769,0.2055675084771872,0,True,22071,15,0.0006796248470844094,True,,False,3259,3533,0.2887388769561215,0.2895556184545712,0.0008167414984496801,True,0.0714943234120896,0.08010189640532125,0.008607572993231657,True,1979,2408,2.052046488125316,2.022425249169435,-0.02962123895588098,True
Steffi Graf,85,25640,0.9603368411650248,True,20050,0.791678993799652,0.946113989201519,0.16323085501801296,0,True,25640,196,0.007644305772230889,True,,False,3001,3111,0.5398200599800067,0.5069109611057537,-0.03290909887425297,True,0.07630789736754415,0.07778849244615879,0.0014805950786146438,True,2131,2373,1.953542937587987,1.9612305099030762,0.007687572315089319,True
Jessica Pegula,81,19917,0.9787262113479291,True,14763,0.768640818102796,0.9807362389781239,0.2162614293689404,0,True,19917,214,0.010744590048702114,True,,False,2589,3193,0.24719969100038625,0.29752583777012215,0.0503261467697359,True,0.04866743916570104,0.04227998747259631,-0.006387451693104736,True,1844,2129,2.1990238611713666,2.1860028182245186,-0.013021042946848027,True
Sofia Kenin,78,17535,0.9677038489038032,True,13017,0.7772907177014067,0.9693144059140462,0.198102583682912,0,True,17535,338,0.019275734245794127,True,,False,2535,3209,0.4209072978303747,0.41103147397943285,-0.009875823850941878,True,0.028007889546351084,0.03085073231536304,0.0028428427690119565,True,1681,1759,2.1850089232599643,2.175099488345651,-0.009909434914313398,True
Angelique Kerber,78,23054,0.9723324676124238,True,17918,0.7467913066421216,0.9601660805356163,0.22222694408707538,0,True,23054,260,0.01127786935022122,True,,False,2599,2949,0.3966910350134667,0.43845371312309256,0.04176267810962586,True,0.03193535975375144,0.025093251949813496,-0.006842107803937944,True,2147,2386,2.006054960409874,1.9895222129086336,-0.016532747501240452,True
Belinda Bencic,77,16568,0.9878946797771693,True,12193,0.7741476510400025,0.9891928432714993,0.21739460985209977,0,True,16568,7,0.0004225012071463061,True,,False,2405,2710,0.4307692307692308,0.407380073800738,-0.023389156968492808,True,0.05405405405405406,0.05608856088560885,0.0020345068315547957,True,1709,1873,2.1673493270918667,2.152696209289909,-0.01465311780195755,True
Karolina Pliskova,77,17062,0.984515616486254,True,12273,0.7844147067339423,0.981120385625593,0.20049086918750036,0,True,17062,60,0.0035165865666393153,True,,False,2745,2995,0.3832422586520947,0.44507512520868114,0.06183286655658643,True,0.04298724954462659,0.04707846410684474,0.00409121456221815,True,1787,1844,2.1796306659205373,2.205531453362256,0.02590078744171853,True
Amanda Anisimova,72,13887,0.9916000911604692,True,9561,0.8004587028039153,0.9823301417551659,0.18514288752892596,0,True,13887,50,0.0036004896665946568,True,,False,2427,2578,0.40626287597857436,0.41854150504266874,0.012278629064094382,True,0.042851256695508856,0.03491078355314197,-0.007940473142366886,True,1443,1700,2.2605682605682604,2.2270588235294118,-0.03350943703884868,True
Karolina Muchova,70,16522,0.9868233399064458,True,12118,0.829208117308042,0.9915937867166308,0.1637622901473403,0,True,16522,160,0.00968405762014284,True,,False,2345,2513,0.40852878464818765,0.41225626740947074,0.0037274827612830963,True,0.11982942430703625,0.14325507361719061,0.023425649310154367,True,1720,1856,2.1430232558139535,2.1492456896551726,0.006222433841219122,True
Magda Linette,69,17061,0.9665851369025388,True,12865,0.733974181824836,0.9586300863446164,0.23435098451418646,0,True,17061,89,0.005216575816188969,True,,False,2289,2512,0.43119266055045874,0.445859872611465,0.01466721206100624,True,0.04980340760157274,0.05493630573248408,0.005132898130911341,True,1528,1821,2.204842931937173,2.1889071938495333,-0.015935738087639706,True
Emma Raducanu,68,15302,0.972165574894621,True,11443,0.777813397029915,0.9749430224352907,0.20219604722434914,0,True,15302,80,0.005228074761469089,True,,False,2119,2244,0.4001887682869278,0.4215686274509804,0.021379859164052606,True,0.03633789523360075,0.035650623885918005,-0.0006872713476827469,True,1444,1655,2.128808864265928,2.168580060422961,0.03977119615703284,True
Naomi Osaka,67,14161,0.9858779254034113,True,10160,0.793951361090716,0.9801287028883361,0.1899519330971281,0,True,14161,19,0.0013417131558505755,True,,False,2326,2227,0.3271711092003439,0.3511450381679389,0.023973928967594982,True,0.029664660361134996,0.03188145487202514,0.0022167945108901473,True,1483,1618,2.1348617666891436,2.1619283065512978,0.027066539862154126,True
Madison Keys,67,13409,0.98987584498833,True,9377,0.8127588962252553,0.9890143888008577,0.17821327431778355,0,True,13409,58,0.00432545305391901,True,,False,2149,2219,0.42764076314564914,0.45245606128886884,0.0248152981432197,True,0.04699860400186133,0.056782334384858045,0.009783730382996715,True,1390,1602,2.1690647482014387,2.17478152309613,0.0057167748946911345,True
Daria Kasatkina,67,20571,0.9832027275942973,True,16166,0.7785585317162648,0.9777113219102848,0.20369283420479242,0,True,20571,94,0.004569539643187011,True,,False,2193,2527,0.43091655266757867,0.39335180055401664,-0.03756475211356203,True,0.022343821249430004,0.02374356944994064,0.0013997482005106351,True,1845,2068,2.126829268292683,2.150870406189555,0.024041137896872122,True
Arantxa Rus,64,19823,0.9766590603854389,True,15937,0.7942742033775306,0.9772971611558913,0.1872746233723748,0,True,19823,8,0.00040357160873732533,True,,False,2056,2353,0.4051556420233463,0.39014024649383766,-0.015015395529508646,True,0.03356031128404669,0.024649383765405864,-0.008910927518640827,True,1555,1791,2.108038585209003,2.0614182021217196,-0.04662038308728356,True
Maria Sakkari,63,15679,0.9666887529233124,True,11796,0.7847265501867939,0.9638857245693372,0.18587179975363918,0,True,15679,45,0.0028700810000637797,True,,False,2077,2449,0.33991333654309097,0.37198856676194364,0.03207523021885267,True,0.04188733750601829,0.03593303389138424,-0.005954303614634053,True,1545,1512,2.0938511326860842,2.0674603174603177,-0.026390815225766584,True
Ekaterina Alexandrova,60,14644,0.9830714287305339,True,10606,0.7791751997245226,0.9770904836155658,0.20255573788692485,0,True,14644,55,0.003755804425020486,True,,False,2114,2269,0.369441816461684,0.3605112384310269,-0.00893057803065711,True,0.026017029328287606,0.01895107977082415,-0.007065949557463456,True,1430,1591,2.2181818181818183,2.2080452545568825,-0.010136563624935757,True
Eugenie Bouchard,60,12627,0.9738390005085789,True,9252,0.7701949984980994,0.9688801124513813,0.2050667687363146,0,True,12627,56,0.004434940999445632,True,,False,1942,2104,0.34449021627188464,0.37214828897338403,0.027658072701499392,True,0.05303810504634397,0.0556083650190114,0.002570259972667431,True,1222,1343,2.1014729950900164,2.1042442293373047,0.0027712342472883122,True
Marta Kostyuk,58,14562,0.9778296796533332,True,10533,0.769987427914897,0.9807579118210661,0.21490571869546432,0,True,14562,86,0.005905782172778464,True,,False,2000,2261,0.363,0.3715170278637771,0.008517027863777116,True,0.0785,0.07563025210084033,-0.002869747899159669,True,1381,1773,2.1469949312092687,2.1032148900169205,-0.04378004119234813,True
Aryna Sabalenka,57,10424,0.9740203904892474,True,7060,0.7752567378236311,0.9689320610800961,0.19988534907243094,0,True,10424,84,0.008058326937835763,True,,False,1940,1902,0.5061855670103093,0.5063091482649842,0.00012358125467493153,True,0.04845360824742268,0.06572029442691903,0.017266686179496345,True,1178,1416,2.1451612903225805,2.185734463276836,0.040573172954255554,True
Donna Vekic,54,11728,0.9903447814798567,True,8399,0.7994440276035107,0.9922523305535752,0.194313781901119,0,True,11728,251,0.021401773533424283,True,,False,1810,2004,0.41325966850828727,0.37375249500998003,-0.039507173498307235,True,0.04143646408839779,0.04291417165668663,0.0014777075682888413,True,1269,1374,2.1914893617021276,2.1877729257641922,-0.0037164359379353584,True
Agnieszka Radwanska,53,14378,0.988461588972226,True,11380,0.7479772772470924,0.9868038119249951,0.24202027980821722,0,True,14378,208,0.014466546112115732,True,,False,1853,2055,0.3416082029141932,0.3610705596107056,0.019462356696512417,True,0.08041014570966001,0.08175182481751825,0.0013416791078582346,True,1248,1319,2.0721153846153846,2.020470053070508,-0.051645331544876605,True
Justine Henin,52,13400,0.978448921121688,True,10184,0.7583075488294118,0.9762822058926093,0.22327013208635146,0,True,13400,63,0.004701492537313433,True,,False,1713,1910,0.3216579100992411,0.32146596858638743,-0.00019194151285367722,True,0.10215995329830706,0.09895287958115183,-0.003207073717155229,True,1268,1342,2.0709779179810726,2.0365126676602086,-0.034465250320864005,True
Jelena Ostapenko,51,9179,0.9657352180339104,True,6209,0.7537820375816408,0.9414844092840609,0.19936853956525516,0,True,9179,36,0.003921995860115481,True,,False,1682,1798,0.40130796670630203,0.35372636262513907,-0.047581604081162965,True,0.03507728894173603,0.030589543937708564,-0.004487745004027464,True,990,1122,2.2262626262626264,2.2228163992869874,-0.0034462269756390107,True
Jasmine Paolini,51,12547,0.9750486035012852,True,9372,0.7749447617080392,0.9724643345357901,0.20311240815020506,0,True,12547,55,0.004383517972423687,True,,False,1766,1793,0.33861834654586637,0.36586726157278304,0.027248915026916676,True,0.04756511891279728,0.05298382598996096,0.00541870707716368,True,1213,1387,2.199505358615004,2.1982696467195386,-0.0012357118954655633,True
Ashleigh Barty,50,12999,0.9711440118482348,True,9715,0.7795744272564441,0.9663490891939598,0.19327866505602656,0,True,12999,119,0.009154550350026925,True,,False,1805,1690,0.37285318559556785,0.39822485207100594,0.025371666475438093,True,0.06038781163434903,0.0621301775147929,0.0017423658804438663,True,1230,1422,2.102439024390244,2.026722925457103,-0.07571609893314113,True
Paula Badosa,49,12960,0.9792406325968286,True,9794,0.7960918113163485,0.9849235418352532,0.19172222258698968,0,True,12960,44,0.0033950617283950617,True,,False,1702,1847,0.40305522914218567,0.41201949106659447,0.0089642619244088,True,0.03172737955346651,0.034650785056848946,0.002923405503382437,True,1264,1423,2.0846518987341773,2.0744905130007028,-0.010161385733474582,True
Qinwen Zheng,48,10041,0.9916566589329896,True,7250,0.7957445291058681,0.9815563187159393,0.1893032382015002,0,True,10041,45,0.0044816253361219,True,,False,1583,1708,0.4036639292482628,0.4215456674473068,0.01788173819904404,True,0.05053695514845231,0.04859484777517564,-0.001942107373276665,True,1084,1138,2.2121771217712176,2.2539543057996485,0.04177718402843089,True
Ana Ivanovic,48,10341,0.9784393665724609,True,7496,0.8001697325067495,0.9792710710639037,0.18289250428134682,0,True,10341,58,0.0056087419011701,True,,False,1636,1680,0.38753056234718825,0.4261904761904762,0.03865991384328793,True,0.0488997555012225,0.04702380952380952,-0.0018759459774129739,True,1071,1202,2.126984126984127,2.094009983361065,-0.03297414362306217,True
Linda Noskova,47,8559,0.9844611047005595,True,5911,0.7978320164196838,0.9879755544849547,0.19245773562119697,0,True,8559,122,0.014254001635705105,True,,False,1486,1669,0.4098250336473755,0.4164170161773517,0.006591982529976226,True,0.05047106325706595,0.06111443978430198,0.010643376527236029,True,1034,1036,2.167311411992263,2.112934362934363,-0.054377049057900084,True
Elena Dementieva,47,14536,0.981580062281437,True,11444,0.760716979903502,0.9776956576161582,0.22192865031404455,0,True,14536,69,0.004746835443037975,True,,False,1580,1901,0.5379746835443038,0.5039452919516044,-0.034029391592699354,True,0.03860759493670886,0.03945291951604419,0.0008453245793353312,True,1207,1249,2.140016570008285,2.1593274619695757,0.019310891961290544,True
Kim Clijsters,45,12032,0.9653177495053157,True,9117,0.7297643284458254,0.9538736764343712,0.23494656947267692,0,True,12032,87,0.007230718085106383,True,,False,1550,1632,0.4664516129032258,0.4325980392156863,-0.033853573687539495,True,0.04838709677419355,0.04963235294117647,0.0012452561669829207,True,1126,1325,2.091474245115453,2.109433962264151,0.01795971714869804,True
Leylah Fernandez,44,10357,0.9909431447226156,True,7592,0.799065583890975,0.9907196152135119,0.19344931540618904,0,True,10357,82,0.007917350584145989,True,,False,1466,1452,0.32878581173260574,0.38980716253443526,0.06102135080182952,True,0.07025920873124147,0.06818181818181818,-0.002077390549423297,True,1044,1211,2.1704980842911876,2.0900082576383157,-0.08048982665287197,True
Iva Jovic,44,10430,0.9760097966710514,True,7799,0.7813469293434073,0.979524668822719,0.20232031493142438,0,True,10430,33,0.0031639501438159158,True,,False,1498,1512,0.3531375166889186,0.36177248677248675,0.008634970083568172,True,0.03204272363150868,0.03505291005291005,0.00301018642140137,True,975,1142,2.2348717948717947,2.1628721541155866,-0.07199964075620802,True
Danielle Collins,43,8162,0.9682649405825273,True,5587,0.7768191796517055,0.9656694773890856,0.19556411604515167,0,True,8162,40,0.00490075961774075,True,,False,1431,1494,0.4220824598183089,0.4149933065595716,-0.0070891532587372685,True,0.04612159329140461,0.03681392235609103,-0.00930767093531358,True,774,903,2.2661498708010335,2.24031007751938,-0.025839793281653645,True
Marketa Vondrousova,43,10630,0.9513116646505495,True,8020,0.7442295158528295,0.9449773035394299,0.21243662354079385,0,True,10630,345,0.032455315145813735,True,,False,1357,1473,0.24981577008106118,0.31296673455532925,0.06315096447426807,True,0.047899778924097275,0.062457569585879155,0.01455779066178188,True,1071,1078,2.1279178338001867,2.101113172541744,-0.02680466125844294,True
Ons Jabeur,43,10286,0.990826649722977,True,7295,0.7974826398139491,0.9850039897435602,0.19037623388554115,0,True,10286,375,0.0364573206299825,True,0.8977708558142223,True,1445,1698,0.36262975778546713,0.3574793875147232,-0.0051503702707439425,True,0.06089965397923876,0.05182567726737338,-0.009073976711865377,True,1139,1257,2.0860403863037753,2.089101034208433,0.003060647904657543,True
Caroline Garcia,42,6995,0.9685795066008627,True,4845,0.7811946634947877,0.9610635444324146,0.1871560751415807,0,True,6995,9,0.0012866333095067906,True,,False,1316,1375,0.3183890577507599,0.3527272727272727,0.03433821497651285,True,0.07066869300911854,0.07345454545454545,0.002785852445426909,True,772,798,2.178756476683938,2.2343358395989976,0.055579362915059605,True
Clara Tauson,41,8453,0.9797839977779119,True,5923,0.783973417971254,0.9776891157870821,0.19813629372346908,0,True,8453,147,0.01739027564178398,True,,False,1344,1508,0.34598214285714285,0.38726790450928383,0.041285761652140984,True,0.05580357142857143,0.05106100795755968,-0.004742563471011749,True,980,1077,2.166326530612245,2.1745589600742803,0.008232429462035284,True
Elise Mertens,41,9586,0.9892004728517366,True,7140,0.7773514012742763,0.9903489077080284,0.21507319771442354,0,True,9586,61,0.006363446693094095,True,,False,1262,1465,0.3890649762282092,0.34812286689419797,-0.04094210933401121,True,0.060221870047543584,0.043003412969283276,-0.017218457078260307,True,1006,1009,2.10934393638171,2.0802775024777005,-0.029066433904009426,True
Liudmila Samsonova,41,8051,0.9717231138809133,True,5526,0.7847726142942327,0.9537562678622313,0.17717697829316706,0,True,8051,27,0.00335362066823997,True,,False,1338,1524,0.3505231689088191,0.35498687664041995,0.004463707731600819,True,0.03662182361733931,0.04199475065616798,0.005372927038828669,True,913,982,2.213581599123768,2.24949083503055,0.035909235906781856,True
Veronika Kudermetova,40,9250,0.9779149091933794,True,6708,0.7789877117180226,0.9772109901382385,0.2028459364667755,0,True,9250,48,0.005189189189189189,True,,False,1319,1470,0.41470811220621684,0.40068027210884355,-0.01402784009737329,True,0.05307050796057619,0.05782312925170068,0.004752621291124491,True,889,967,2.1619797525309337,2.213029989658738,0.05105023712780454,True
